side,gruppe,område,kapittel,kapittelnavn,post,postnavn,mrd_2027,mrd_2026
utgift,Øvrige formål,Statsforvaltning og annet,1,H.M. Kongen og H.M. Dronningen,1,Apanasje,0.0308,0.0162
utgift,Øvrige formål,Statsforvaltning og annet,1,H.M. Kongen og H.M. Dronningen,50,Det kongelige hoff,0.2882,0.278
utgift,Øvrige formål,Statsforvaltning og annet,20,Statsministerens kontor,1,Driftsutgifter,0.1049,0.1199
utgift,Øvrige formål,Statsforvaltning og annet,21,Statsrådet,1,Driftsutgifter,0.208,0.1859
utgift,Øvrige formål,Statsforvaltning og annet,24,Regjeringsadvokaten,1,Driftsutgifter,0.1382,0.1345
utgift,Øvrige formål,Statsforvaltning og annet,24,Regjeringsadvokaten,21,Spesielle driftsutgifter,0.0185,0.0178
utgift,Øvrige formål,Statsforvaltning og annet,41,Stortinget,1,Driftsutgifter,1.3469,1.292
utgift,Øvrige formål,Statsforvaltning og annet,41,Stortinget,45,Større utstyrsanskaffelser og vedlikehold,0.3632,0.2804
utgift,Øvrige formål,Statsforvaltning og annet,41,Stortinget,70,Tilskudd til partigruppene,0.2783,0.2683
utgift,Øvrige formål,Statsforvaltning og annet,41,Stortinget,73,"Kontingenter, internasjonale delegasjoner",0.0274,0.0243
utgift,Øvrige formål,Statsforvaltning og annet,41,Stortinget,74,Reisetilskudd til skoler,0.0122,0.0117
utgift,Øvrige formål,Statsforvaltning og annet,42,Stortingets ombudsnemnd for Forsvaret,1,Driftsutgifter,0.0129,0.0123
utgift,Øvrige formål,Statsforvaltning og annet,42,Stortingets ombudsnemnd for Forsvaret,75,Internasjonale organisasjoner og nettverk,0.0005,0.0005
utgift,Øvrige formål,Statsforvaltning og annet,43,Stortingets ombud for kontroll med forvaltningen,1,Driftsutgifter,0.1322,0.1227
utgift,Øvrige formål,Statsforvaltning og annet,44,"Stortingets kontrollutvalg for etterretnings-, overvåkings- og sikkerhetstjeneste",1,Driftsutgifter,0.0541,0.0525
utgift,Øvrige formål,Statsforvaltning og annet,45,Norges institusjon for menneskerettigheter,1,Driftsutgifter,0.0391,0.0358
utgift,Øvrige formål,Statsforvaltning og annet,51,Riksrevisjonen,1,Driftsutgifter,0.6826,0.6878
utgift,Øvrige formål,Statsforvaltning og annet,51,Riksrevisjonen,21,Spesielle driftsutgifter,0.005,0.005
utgift,Øvrige formål,Statsforvaltning og annet,51,Riksrevisjonen,22,Riksrevisjonens egen bistandsvirksomhet,0.0115,
utgift,Øvrige formål,Statsforvaltning og annet,51,Riksrevisjonen,75,Internasjonale organisasjoner og nettverk,0.0309,0.0309
utgift,Øvrige formål,Statsforvaltning og annet,55,Granskingskommisjon for å undersøke forhold som har blitt aktualisert gjennom offentliggjøringen av Epstein-dokumentene,1,Driftsutgifter,0.039,
utgift,Øvrige formål,Justis og beredskap,61,Høyesterett,1,Driftsutgifter,0.1517,0.1454
utgift,Øvrige formål,Utenriks og bistand,100,Utenriksdepartementet,1,Driftsutgifter,4.9968,5.0358
utgift,Øvrige formål,Utenriks og bistand,100,Utenriksdepartementet,21,Spesielle driftsutgifter,0.0294,0.0174
utgift,Øvrige formål,Utenriks og bistand,100,Utenriksdepartementet,45,Større utstyrsanskaffelser og vedlikehold,0.4317,0.1138
utgift,Øvrige formål,Utenriks og bistand,100,Utenriksdepartementet,70,Erstatning av skader på utenlandske ambassader,0.0014,0.0014
utgift,Øvrige formål,Utenriks og bistand,100,Utenriksdepartementet,71,Hjelp til norske borgere i utlandet,0.0002,0.0002
utgift,Øvrige formål,Utenriks og bistand,103,Regjeringens representasjon,1,Driftsutgifter,0.0445,0.0614
utgift,Øvrige formål,Utenriks og bistand,104,Kongefamiliens offisielle reiser til utlandet,1,Driftsutgifter,0.0091,0.0088
utgift,Øvrige formål,Utenriks og bistand,105,Direktoratet for eksportkontroll og sanksjoner,1,Driftsutgifter,0.0796,0.0665
utgift,Øvrige formål,Utenriks og bistand,116,Internasjonale organisasjoner,70,Pliktige bidrag,1.7899,1.7729
utgift,Øvrige formål,Utenriks og bistand,117,EØS-finansieringsordningene,79,EØS-finansieringsordningen 2021-2028,2.36,0.819
utgift,Øvrige formål,Utenriks og bistand,117,EØS-finansieringsordningene,80,Den norske finansieringsordningen 2021-2028,1.862,0.747
utgift,Øvrige formål,Utenriks og bistand,118,Utenrikspolitiske satsinger,21,Spesielle driftsutgifter,0.0749,0.0728
utgift,Øvrige formål,Utenriks og bistand,118,Utenrikspolitiske satsinger,22,Spesielle driftsutgifter - interessefremme,0.0183,
utgift,Øvrige formål,Utenriks og bistand,118,Utenrikspolitiske satsinger,72,Sikkerhetspolitikk og nedrustning,0.0267,0.0222
utgift,Øvrige formål,Utenriks og bistand,118,Utenrikspolitiske satsinger,73,"Klima, miljøtiltak og hav mv.",0.0079,0.0118
utgift,Øvrige formål,Utenriks og bistand,118,Utenrikspolitiske satsinger,74,"Forskning, dialog og menneskerettigheter mv.",0.0213,0.0244
utgift,Øvrige formål,Utenriks og bistand,118,Utenrikspolitiske satsinger,76,Russland,0.0296,0.0396
utgift,Øvrige formål,Utenriks og bistand,118,Utenrikspolitiske satsinger,77,Norges forskningsråd - utenriksområdet,0.0561,0.06
utgift,Øvrige formål,Utenriks og bistand,118,Utenrikspolitiske satsinger,79,Interessefremme,0.0334,
utgift,Øvrige formål,Utenriks og bistand,140,Utenriksdepartementet,21,Spesielle driftsutgifter,0.1017,0.0995
utgift,Øvrige formål,Utenriks og bistand,141,Direktoratet for utviklingssamarbeid (Norad),1,Driftsutgifter,0.4624,0.4424
utgift,Øvrige formål,Utenriks og bistand,141,Direktoratet for utviklingssamarbeid (Norad),21,Spesielle driftsutgifter,0.0317,0.0305
utgift,Øvrige formål,Utenriks og bistand,144,Norsk senter for utvekslingssamarbeid (Norec),1,Driftsutgifter,0.0812,0.079
utgift,Øvrige formål,Utenriks og bistand,144,Norsk senter for utvekslingssamarbeid (Norec),21,Spesielle driftsutgifter,0.014,0.0135
utgift,Øvrige formål,Utenriks og bistand,144,Norsk senter for utvekslingssamarbeid (Norec),70,Utvekslingsordninger,0.1435,0.1535
utgift,Øvrige formål,Utenriks og bistand,144,Norsk senter for utvekslingssamarbeid (Norec),71,Rekruttering til internasjonale organisasjoner,0.0633,0.075
utgift,Øvrige formål,Utenriks og bistand,150,Humanitær bistand,70,Nødhjelp og humanitær bistand,4.8365,4.8365
utgift,Øvrige formål,Utenriks og bistand,150,Humanitær bistand,71,Verdens matvareprogram (WFP),0.43,0.43
utgift,Øvrige formål,Utenriks og bistand,150,Humanitær bistand,72,FNs høykommissær for flyktninger (UNHCR),0.63,0.63
utgift,Øvrige formål,Utenriks og bistand,151,"Fred, sikkerhet og globalt samarbeid",70,Fred og konfliktløsning,0.3503,0.3953
utgift,Øvrige formål,Utenriks og bistand,151,"Fred, sikkerhet og globalt samarbeid",71,Globale sikkerhetsspørsmål og nedrustning,0.1034,0.1034
utgift,Øvrige formål,Utenriks og bistand,151,"Fred, sikkerhet og globalt samarbeid",73,FNs innsats for reform og fredsbygging,0.2381,0.2381
utgift,Øvrige formål,Utenriks og bistand,151,"Fred, sikkerhet og globalt samarbeid",74,Pliktige bidrag til FN-organisasjoner mv.,0.3761,0.4174
utgift,Øvrige formål,Utenriks og bistand,152,Menneskerettigheter,70,Menneskerettigheter,0.684,0.684
utgift,Øvrige formål,Utenriks og bistand,152,Menneskerettigheter,71,FNs høykommissær for menneskerettigheter (OHCHR),0.197,0.197
utgift,Øvrige formål,Utenriks og bistand,159,Regionbevilgninger,70,Midtøsten og Nord-Afrika,1.0388,1.0288
utgift,Øvrige formål,Utenriks og bistand,159,Regionbevilgninger,71,Europa og Sentral-Asia,0.3138,0.3438
utgift,Øvrige formål,Utenriks og bistand,159,Regionbevilgninger,72,Afghanistan,0.3162,0.3162
utgift,Øvrige formål,Utenriks og bistand,159,Regionbevilgninger,73,Ukraina og naboland,14.1358,14.4131
utgift,Øvrige formål,Utenriks og bistand,159,Regionbevilgninger,75,Afrika,1.484,1.859
utgift,Øvrige formål,Utenriks og bistand,159,Regionbevilgninger,76,Asia,0.3765,0.4215
utgift,Øvrige formål,Utenriks og bistand,159,Regionbevilgninger,77,Latin-Amerika og Karibia,0.0984,0.1434
utgift,Øvrige formål,Utenriks og bistand,160,Helse,70,Helse,3.5984,3.5984
utgift,Øvrige formål,Utenriks og bistand,160,Helse,71,Verdens helseorganisasjon (WHO),0.255,0.255
utgift,Øvrige formål,Utenriks og bistand,161,"Utdanning, forskning og offentlige institusjoner",70,Utdanning,0.5468,0.6468
utgift,Øvrige formål,Utenriks og bistand,161,"Utdanning, forskning og offentlige institusjoner",71,Forskning,0.0679,0.0672
utgift,Øvrige formål,Utenriks og bistand,161,"Utdanning, forskning og offentlige institusjoner",73,Styresett og offentlige institusjoner,0.6284,0.6284
utgift,Øvrige formål,Utenriks og bistand,161,"Utdanning, forskning og offentlige institusjoner",74,Norges forskningsråd - utviklingsområdet,0.1982,0.1823
utgift,Øvrige formål,Utenriks og bistand,162,"Næringsutvikling, matsystemer og fornybar energi",70,"Bærekraftig jobbskaping, næringsutvikling og handel",0.1545,0.1245
utgift,Øvrige formål,Utenriks og bistand,162,"Næringsutvikling, matsystemer og fornybar energi",71,"Matsikkerhet, fisk og landbruk",1.378,1.428
utgift,Øvrige formål,Utenriks og bistand,162,"Næringsutvikling, matsystemer og fornybar energi",72,Fornybar energi,0.9694,1.0194
utgift,Øvrige formål,Utenriks og bistand,163,"Klima, miljø og hav",70,Miljø og klima,1.2438,1.5438
utgift,Øvrige formål,Utenriks og bistand,163,"Klima, miljø og hav",71,Bærekraftige hav og tiltak mot marin forsøpling,0.2321,0.2321
utgift,Øvrige formål,Utenriks og bistand,164,Likestilling,70,Likestilling,0.2733,0.2733
utgift,Øvrige formål,Utenriks og bistand,164,Likestilling,71,FNs organisasjon for kvinners rettigheter og likestilling (UN Women),0.1403,0.1403
utgift,Øvrige formål,Utenriks og bistand,164,Likestilling,72,FNs befolkningsfond (UNFPA),0.5896,0.5896
utgift,Øvrige formål,Utenriks og bistand,165,Norfund,70,Risikokapital utviklingsmandatet,0.78,0.4133
utgift,Øvrige formål,Utenriks og bistand,165,Norfund,71,Risikokapital Klimainvesteringsfondet,0.4167,0.25
utgift,Øvrige formål,Utenriks og bistand,165,Norfund,72,Risikokapital Ukraina-fondet,0.375,0.25
utgift,Øvrige formål,Utenriks og bistand,165,Norfund,73,Bedriftsstøtte og selskapsutvikling,0.035,0.035
utgift,Øvrige formål,Utenriks og bistand,170,Sivilt samfunn,70,Sivilt samfunn,2.5707,2.5707
utgift,Øvrige formål,Utenriks og bistand,171,FNs utviklingsarbeid,70,FNs utviklingsprogram (UNDP),0.3544,0.3544
utgift,Øvrige formål,Utenriks og bistand,171,FNs utviklingsarbeid,71,FNs barnefond (UNICEF),0.3806,0.3806
utgift,Øvrige formål,Utenriks og bistand,171,FNs utviklingsarbeid,73,FN og multilateralt samarbeid,0.0112,0.0112
utgift,Øvrige formål,Utenriks og bistand,172,Multilaterale finansinstitusjoner og gjeldslette,70,Verdensbanken,1.271,1.2711
utgift,Øvrige formål,Utenriks og bistand,172,Multilaterale finansinstitusjoner og gjeldslette,71,Regionale banker og fond,1.127,1.1431
utgift,Øvrige formål,Utenriks og bistand,172,Multilaterale finansinstitusjoner og gjeldslette,73,Gjeldslette,0.492,0.4827
utgift,Øvrige formål,Utenriks og bistand,179,Flyktningtiltak i Norge,21,Spesielle driftsutgifter,2.5809,2.7031
utgift,Utdanning og forskning,Øvrig utdanning,200,Kunnskapsdepartementet,1,Driftsutgifter,0.4369,0.4291
utgift,Utdanning og forskning,Øvrig utdanning,200,Kunnskapsdepartementet,21,Spesielle driftsutgifter,0.0141,0.0136
utgift,Utdanning og forskning,Øvrig utdanning,200,Kunnskapsdepartementet,45,Større utstyrsanskaffelser og vedlikehold,0.0039,0.0038
utgift,Utdanning og forskning,Øvrig utdanning,201,Analyse og kunnskapsgrunnlag,21,Spesielle driftsutgifter,0.0867,0.0547
utgift,Utdanning og forskning,Øvrig utdanning,201,Analyse og kunnskapsgrunnlag,70,Norges forskningsråd - forskning om utdanning og forskning,0.2612,0.2507
utgift,Utdanning og forskning,Grunnopplæring,220,Utdanningsdirektoratet,1,Driftsutgifter,0.4639,0.4327
utgift,Utdanning og forskning,Grunnopplæring,220,Utdanningsdirektoratet,21,Spesielle driftsutgifter,0.2927,0.2822
utgift,Utdanning og forskning,Grunnopplæring,220,Utdanningsdirektoratet,70,Tilskudd til læremidler mv.,0.0967,0.0933
utgift,Utdanning og forskning,Grunnopplæring,221,Foreldreutvalgene for grunnopplæringen og barnehagene,1,Driftsutgifter,0.0185,0.018
utgift,Utdanning og forskning,Grunnopplæring,222,Statlige skoler og fjernundervisningstjenester,1,Driftsutgifter,0.1722,0.1603
utgift,Utdanning og forskning,Grunnopplæring,222,Statlige skoler og fjernundervisningstjenester,45,Større utstyrsanskaffelser og vedlikehold,0.0021,0.0021
utgift,Utdanning og forskning,Grunnopplæring,223,Diamanten skole,1,Driftsutgifter,0.0312,0.0304
utgift,Utdanning og forskning,Grunnopplæring,223,Diamanten skole,45,Større utstyrsanskaffelser og vedlikehold,0.0004,0.0004
utgift,Utdanning og forskning,Grunnopplæring,224,Tilskudd til freds- og menneskerettighetssentre,70,Freds- og menneskerettighetssentre,0.1467,0.1802
utgift,Utdanning og forskning,Grunnopplæring,224,Tilskudd til freds- og menneskerettighetssentre,71,Det europeiske Wergelandsenteret,0.0215,0.0215
utgift,Utdanning og forskning,Grunnopplæring,225,Tiltak i grunnopplæringen,21,Spesielle driftsutgifter,0.1516,0.1462
utgift,Utdanning og forskning,Grunnopplæring,225,Tiltak i grunnopplæringen,60,Tilskudd til landslinjer,0.2872,0.2853
utgift,Utdanning og forskning,Grunnopplæring,225,Tiltak i grunnopplæringen,61,Rentekompensasjon for investeringer i læringsarenaer og større utstyr som bidrar til mer praktisk og variert opplæring,0.04,0.04
utgift,Utdanning og forskning,Grunnopplæring,225,Tiltak i grunnopplæringen,62,Tilskudd til SFO i levekårsutsatte områder,0.1033,
utgift,Utdanning og forskning,Grunnopplæring,225,Tiltak i grunnopplæringen,63,Tilskudd til samisk i grunnopplæringen,0.1661,0.1561
utgift,Utdanning og forskning,Grunnopplæring,225,Tiltak i grunnopplæringen,64,Tilskudd til opplæring av barn og unge som søker opphold i Norge,0.2388,0.273
utgift,Utdanning og forskning,Grunnopplæring,225,Tiltak i grunnopplæringen,65,Rentekompensasjon for skole- og svømmeanlegg,0.213,0.261
utgift,Utdanning og forskning,Grunnopplæring,225,Tiltak i grunnopplæringen,67,Tilskudd til opplæring i kvensk eller finsk,0.0114,0.0101
utgift,Utdanning og forskning,Grunnopplæring,225,Tiltak i grunnopplæringen,68,Tilskudd til opplæring i kriminalomsorgen,0.4017,0.3911
utgift,Utdanning og forskning,Grunnopplæring,225,Tiltak i grunnopplæringen,69,Tiltak for fullføring og kvalifisering i videregående opplæring,0.1376,0.5935
utgift,Utdanning og forskning,Grunnopplæring,225,Tiltak i grunnopplæringen,74,Prosjekttilskudd,0.0134,0.0134
utgift,Utdanning og forskning,Grunnopplæring,225,Tiltak i grunnopplæringen,75,Grunntilskudd,0.1125,0.1125
utgift,Utdanning og forskning,Grunnopplæring,226,Kvalitetsutvikling i grunnopplæringen,21,Spesielle driftsutgifter,0.5718,0.7524
utgift,Utdanning og forskning,Grunnopplæring,226,Kvalitetsutvikling i grunnopplæringen,22,System for kompetanse- og karriereutvikling,1.9656,2.0262
utgift,Utdanning og forskning,Grunnopplæring,226,Kvalitetsutvikling i grunnopplæringen,60,Tilskudd til smågruppeundervisning,0.4654,
utgift,Utdanning og forskning,Grunnopplæring,226,Kvalitetsutvikling i grunnopplæringen,62,Tilskudd til skolebibliotek og bøker,0.3395,0.1032
utgift,Utdanning og forskning,Grunnopplæring,226,Kvalitetsutvikling i grunnopplæringen,63,Tilskudd til utstyr og læringsarenaer på 1.-10. trinn,0.2082,0.1909
utgift,Utdanning og forskning,Grunnopplæring,226,Kvalitetsutvikling i grunnopplæringen,65,Tilskudd til skolemiljøteam og beredskapsteam,0.1298,0.125
utgift,Utdanning og forskning,Grunnopplæring,226,Kvalitetsutvikling i grunnopplæringen,71,Norges forskningsråd - Tilskudd til vitensentre,0.1243,0.1243
utgift,Utdanning og forskning,Grunnopplæring,227,Tilskudd til særskilte skoler,63,Tilskudd til kommuner og fylkeskommuner,0.0519,0.049
utgift,Utdanning og forskning,Grunnopplæring,227,Tilskudd til særskilte skoler,78,Tilskudd,0.2323,0.2258
utgift,Utdanning og forskning,Grunnopplæring,228,Tilskudd til private skoler mv.,70,Private grunnskoler,4.5319,4.3192
utgift,Utdanning og forskning,Grunnopplæring,228,Tilskudd til private skoler mv.,71,Private videregående skoler,2.548,2.4432
utgift,Utdanning og forskning,Grunnopplæring,228,Tilskudd til private skoler mv.,72,Diverse skoler som gir yrkesrettet opplæring,0.1723,0.1779
utgift,Utdanning og forskning,Grunnopplæring,228,Tilskudd til private skoler mv.,73,Private grunnskoler i utlandet,0.1686,0.1736
utgift,Utdanning og forskning,Grunnopplæring,228,Tilskudd til private skoler mv.,74,Private videregående skoler i utlandet,0.0285,0.0274
utgift,Utdanning og forskning,Grunnopplæring,228,Tilskudd til private skoler mv.,75,Private skoler med særskilt tilrettelagt opplæring for elever med dokumenterte behov,0.6505,0.6336
utgift,Utdanning og forskning,Grunnopplæring,228,Tilskudd til private skoler mv.,76,Andre private skoler,0.0848,0.0778
utgift,Utdanning og forskning,Grunnopplæring,228,Tilskudd til private skoler mv.,77,Den tysk-norske skolen i Oslo,0.0468,0.0454
utgift,Utdanning og forskning,Grunnopplæring,228,Tilskudd til private skoler mv.,78,Kompletterende undervisning,0.0296,0.0285
utgift,Utdanning og forskning,Grunnopplæring,228,Tilskudd til private skoler mv.,79,Toppidrett,0.0924,0.0891
utgift,Utdanning og forskning,Grunnopplæring,228,Tilskudd til private skoler mv.,81,Elevutveksling til utlandet,0.0026,0.0025
utgift,Utdanning og forskning,Grunnopplæring,228,Tilskudd til private skoler mv.,82,Kapital- og husleietilskudd til private skoler,0.0864,0.0833
utgift,Utdanning og forskning,Grunnopplæring,228,Tilskudd til private skoler mv.,83,"Særtilskudd til Møbelsnekkerskolen, Plus-skolen og Hjerleid Handverksskole",0.0056,0.0054
utgift,Utdanning og forskning,Grunnopplæring,228,Tilskudd til private skoler mv.,84,Redusert foreldrebetaling i skolefritidsordningen ved private skoler,0.1154,0.1484
utgift,Utdanning og forskning,Grunnopplæring,228,Tilskudd til private skoler mv.,85,Særtilskudd til private kombinerte grunnskoler,0.2342,0.1613
utgift,Utdanning og forskning,Grunnopplæring,229,22. juli-senteret,1,Driftsutgifter,0.059,0.0573
utgift,Utdanning og forskning,Grunnopplæring,229,22. juli-senteret,70,Tilskudd til minne- og læringsbesøk på Utøya,0.007,0.007
utgift,Utdanning og forskning,Grunnopplæring,230,Statlig spesialpedagogisk tjeneste,1,Driftsutgifter,0.6471,0.6299
utgift,Utdanning og forskning,Grunnopplæring,230,Statlig spesialpedagogisk tjeneste,21,Spesielle driftsutgifter,0.0303,0.0292
utgift,Utdanning og forskning,Grunnopplæring,230,Statlig spesialpedagogisk tjeneste,45,Større utstyrsanskaffelser og vedlikehold,0.0122,0.0118
utgift,Utdanning og forskning,Grunnopplæring,230,Statlig spesialpedagogisk tjeneste,70,Tilskudd til kompetansetjenester på hørselsfeltet,0.0419,0.0404
utgift,Utdanning og forskning,Øvrig utdanning,231,Barnehager,21,Spesielle driftsutgifter,0.7604,0.7828
utgift,Utdanning og forskning,Øvrig utdanning,231,Barnehager,60,Toppet bemanning i barnehagene,0.8,0.2
utgift,Utdanning og forskning,Øvrig utdanning,231,Barnehager,61,Tilskudd til økt pedagogtetthet og økt grunnbemanning i barnehager i levekårsutsatte områder,0.2249,0.2166
utgift,Utdanning og forskning,Øvrig utdanning,240,Fagskoler,60,Driftstilskudd til fagskoler,2.0431,1.8005
utgift,Utdanning og forskning,Øvrig utdanning,240,Fagskoler,61,Utviklingsmidler for høyere yrkesfaglig utdanning,0.0922,0.0783
utgift,Utdanning og forskning,Øvrig utdanning,241,Tiltak for høyere yrkesfaglig utdanning,21,Spesielle driftsutgifter,0.0214,0.0214
utgift,Utdanning og forskning,Øvrig utdanning,242,Norges grønne fagskole - Vea,1,Driftsutgifter,0.04,0.0389
utgift,Utdanning og forskning,Øvrig utdanning,242,Norges grønne fagskole - Vea,45,Større utstyrsanskaffelser og vedlikehold,0.0032,0.0016
utgift,Utdanning og forskning,Øvrig utdanning,253,Folkehøyskoler,70,Tilskudd til folkehøyskoler,1.1532,1.1532
utgift,Utdanning og forskning,Øvrig utdanning,253,Folkehøyskoler,71,Tilskudd til Folkehøgskolerådet,0.0065,0.0072
utgift,Utdanning og forskning,Øvrig utdanning,253,Folkehøyskoler,72,Tilskudd til Nordiska folkhögskolan,0.0009,0.0009
utgift,Utdanning og forskning,Øvrig utdanning,254,Studieforbund mv.,70,Tilskudd til studieforbund,0.0348,0.0673
utgift,Utdanning og forskning,Øvrig utdanning,256,Direktoratet for høyere utdanning og kompetanse,1,Driftsutgifter,0.5207,0.5353
utgift,Utdanning og forskning,Øvrig utdanning,256,Direktoratet for høyere utdanning og kompetanse,21,Spesielle driftsutgifter,0.0152,0.0176
utgift,Utdanning og forskning,Øvrig utdanning,257,Kompetanseprogrammet,70,Tilskudd,0.2379,0.2178
utgift,Utdanning og forskning,Øvrig utdanning,258,Tiltak for livslang læring,21,Spesielle driftsutgifter,0.0877,0.1029
utgift,Utdanning og forskning,Høyere utdanning og forskning,260,Universiteter og høyskoler,50,Statlige universiteter og høyskoler,47.8621,45.8727
utgift,Utdanning og forskning,Høyere utdanning og forskning,260,Universiteter og høyskoler,70,Private høyskoler,2.434,2.3296
utgift,Utdanning og forskning,Høyere utdanning og forskning,270,Studentvelferd,74,Tilskudd til velferdsarbeid mv.,0.1576,0.0941
utgift,Utdanning og forskning,Høyere utdanning og forskning,270,Studentvelferd,75,Tilskudd til bygging av studentboliger,1.7569,0.8634
utgift,Utdanning og forskning,Høyere utdanning og forskning,271,Nasjonalt organ for kvalitet i utdanningen,1,Driftsutgifter,0.1585,0.1543
utgift,Utdanning og forskning,Høyere utdanning og forskning,271,Nasjonalt organ for kvalitet i utdanningen,21,Spesielle driftsutgifter,0.0048,0.0046
utgift,Utdanning og forskning,Høyere utdanning og forskning,272,Tiltak for internasjonalisering og høyere utdanning,71,Tilskudd til tiltak for internasjonalisering,0.1643,0.2256
utgift,Utdanning og forskning,Høyere utdanning og forskning,272,Tiltak for internasjonalisering og høyere utdanning,72,Tilskudd til tiltak for høyere utdanning,0.0471,0.0805
utgift,Utdanning og forskning,Høyere utdanning og forskning,273,Kunnskapssektorens tjenesteleverandør - Sikt,50,Virksomhetskostnader,0.2372,0.2258
utgift,Utdanning og forskning,Høyere utdanning og forskning,273,Kunnskapssektorens tjenesteleverandør - Sikt,70,Infrastruktur for tungregning,0.1648,0.1607
utgift,Utdanning og forskning,Høyere utdanning og forskning,274,Universitetssenteret på Svalbard,70,Tilskudd til Universitetssenteret på Svalbard,0.2009,0.1907
utgift,Utdanning og forskning,Høyere utdanning og forskning,275,Tiltak for høyere utdanning og forskning,21,Spesielle driftsutgifter,0.0529,0.0541
utgift,Utdanning og forskning,Høyere utdanning og forskning,275,Tiltak for høyere utdanning og forskning,70,Tilskudd,0.0718,0.073
utgift,Utdanning og forskning,Høyere utdanning og forskning,284,De nasjonale forskningsetiske komiteene,1,Driftsutgifter,0.0235,0.0224
utgift,Utdanning og forskning,Høyere utdanning og forskning,285,Norges forskningsråd,1,Driftsutgifter,0.7958,0.7665
utgift,Utdanning og forskning,Høyere utdanning og forskning,285,Norges forskningsråd,21,Spesielle driftsutgifter,0.1141,0.1054
utgift,Utdanning og forskning,Høyere utdanning og forskning,285,Norges forskningsråd,71,Strategiske forskningsprioriteringer,3.8109,3.4088
utgift,Utdanning og forskning,Høyere utdanning og forskning,285,Norges forskningsråd,72,"Langsiktig, grunnleggende forskning",1.9231,1.8768
utgift,Utdanning og forskning,Høyere utdanning og forskning,285,Norges forskningsråd,73,Grunnbevilgning til samfunnsvitenskapelige forskningsinstitutter,0.2665,0.2628
utgift,Utdanning og forskning,Høyere utdanning og forskning,285,Norges forskningsråd,75,Avsetning til usikker framdrift,0.5,0.5
utgift,Utdanning og forskning,Høyere utdanning og forskning,288,Internasjonale samarbeidstiltak,21,Spesielle driftsutgifter,0.0142,0.0135
utgift,Utdanning og forskning,Høyere utdanning og forskning,288,Internasjonale samarbeidstiltak,72,Internasjonale grunnforskningsorganisasjoner,0.455,0.4631
utgift,Utdanning og forskning,Høyere utdanning og forskning,288,Internasjonale samarbeidstiltak,73,EUs rammeprogram for forskning og innovasjon,3.7363,3.9024
utgift,Utdanning og forskning,Høyere utdanning og forskning,288,Internasjonale samarbeidstiltak,74,"EUs program for utdanning, opplæring, ungdom og idrett",1.3288,1.2931
utgift,Utdanning og forskning,Høyere utdanning og forskning,288,Internasjonale samarbeidstiltak,75,UNESCO-kontingent,0.0226,0.0249
utgift,Utdanning og forskning,Høyere utdanning og forskning,288,Internasjonale samarbeidstiltak,76,UNESCO-formål,0.005,0.005
utgift,Utdanning og forskning,Høyere utdanning og forskning,289,Vitenskapelige priser,51,Holbergprisen,0.0223,0.0215
utgift,Utdanning og forskning,Høyere utdanning og forskning,289,Vitenskapelige priser,71,Abelprisen,0.0217,0.021
utgift,Utdanning og forskning,Høyere utdanning og forskning,289,Vitenskapelige priser,72,Kavliprisen,0.0169,0.0163
utgift,Øvrige formål,Kultur og medier,300,Kultur- og likestillingsdepartementet,1,Driftsutgifter,0.1878,0.2107
utgift,Øvrige formål,Kultur og medier,300,Kultur- og likestillingsdepartementet,21,Spesielle driftsutgifter,0.0012,0.0012
utgift,Øvrige formål,Kultur og medier,300,Kultur- og likestillingsdepartementet,78,Tilskudd til priser og konkurranser m.m.,0.0104,0.0105
utgift,Øvrige formål,Kultur og medier,300,Kultur- og likestillingsdepartementet,79,Til disposisjon,0.0114,0.0059
utgift,Øvrige formål,Kultur og medier,315,Frivillighetsformål,21,"Forskning, utredning og spesielle driftsutgifter",0.0145,0.0102
utgift,Øvrige formål,Kultur og medier,315,Frivillighetsformål,60,Tilskudd til frivilligsentraler,0.2961,0.2802
utgift,Øvrige formål,Kultur og medier,315,Frivillighetsformål,70,Merverdiavgiftskompensasjon til frivillige organisasjoner,3.25,3.079
utgift,Øvrige formål,Kultur og medier,315,Frivillighetsformål,71,Strømstøtteordning for frivillige organisasjoner,0.1652,0.0636
utgift,Øvrige formål,Kultur og medier,315,Frivillighetsformål,73,Tilskudd til studieforbund m.m.,0.1676,0.2048
utgift,Øvrige formål,Kultur og medier,315,Frivillighetsformål,75,Aktivitetsstøtta,0.0485,0.0173
utgift,Øvrige formål,Kultur og medier,315,Frivillighetsformål,78,Frivillighetstiltak,0.0228,0.0284
utgift,Øvrige formål,Kultur og medier,315,Frivillighetsformål,82,Merverdiavgiftskompensasjon ved bygging av idrettsanlegg,0.4155,0.4007
utgift,Øvrige formål,Kultur og medier,315,Frivillighetsformål,85,Nytt toppidrettssenter,0.021,
utgift,Øvrige formål,Kultur og medier,315,Frivillighetsformål,86,Idrettstiltak,0.0383,0.0477
utgift,Øvrige formål,Kultur og medier,320,Kulturdirektoratet og Kulturrådet m.m.,1,Driftsutgifter,0.2318,0.2182
utgift,Øvrige formål,Kultur og medier,320,Kulturdirektoratet og Kulturrådet m.m.,51,Fond for lyd og bilde,0.0579,0.056
utgift,Øvrige formål,Kultur og medier,320,Kulturdirektoratet og Kulturrådet m.m.,55,Norsk kulturfond,1.068,1.0324
utgift,Øvrige formål,Kultur og medier,320,Kulturdirektoratet og Kulturrådet m.m.,71,Statsstipend,0.0036,0.0049
utgift,Øvrige formål,Kultur og medier,320,Kulturdirektoratet og Kulturrådet m.m.,72,Kunstnerstipend m.m.,0.346,0.3327
utgift,Øvrige formål,Kultur og medier,320,Kulturdirektoratet og Kulturrådet m.m.,73,Garantiinntekter og langvarige stipend,0.2012,0.194
utgift,Øvrige formål,Kultur og medier,320,Kulturdirektoratet og Kulturrådet m.m.,74,Tilskudd til organisasjoner og kompetansesentre m.m.,0.5099,0.4954
utgift,Øvrige formål,Kultur og medier,320,Kulturdirektoratet og Kulturrådet m.m.,75,"Tilskudd til litteraturhus, kunstscener og kompanier m.m.",0.3599,0.3395
utgift,Øvrige formål,Kultur og medier,322,Bygg og offentlige rom,1,Driftsutgifter,0.0284,0.0276
utgift,Øvrige formål,Kultur og medier,322,Bygg og offentlige rom,21,Spesielle driftsutgifter,0.0486,0.0469
utgift,Øvrige formål,Kultur og medier,322,Bygg og offentlige rom,50,Kunst i offentlige rom,0.0138,0.0134
utgift,Øvrige formål,Kultur og medier,322,Bygg og offentlige rom,70,Nasjonale kulturbygg,0.3742,0.5112
utgift,Øvrige formål,Kultur og medier,323,Musikk og scenekunst,1,Driftsutgifter,0.113,0.112
utgift,Øvrige formål,Kultur og medier,323,Musikk og scenekunst,21,Spesielle driftsutgifter,0.0773,0.0745
utgift,Øvrige formål,Kultur og medier,323,Musikk og scenekunst,22,Forsvarets musikk,0.066,0.0637
utgift,Øvrige formål,Kultur og medier,323,Musikk og scenekunst,60,Landsdelsmusikerordningen i Nord-Norge,0.0282,0.0274
utgift,Øvrige formål,Kultur og medier,323,Musikk og scenekunst,70,Musikk- og scenekunstinstitusjoner,3.2962,3.1858
utgift,Øvrige formål,Kultur og medier,325,Allmenne kulturformål,1,Driftsutgifter,0.0784,0.0763
utgift,Øvrige formål,Kultur og medier,325,Allmenne kulturformål,21,"Forskning, utredning og spesielle driftsutgifter",0.0282,0.0222
utgift,Øvrige formål,Kultur og medier,325,Allmenne kulturformål,60,Regionale kulturfond,0.07,0.04
utgift,Øvrige formål,Kultur og medier,325,Allmenne kulturformål,70,Norges forskningsråd,0.0343,0.0323
utgift,Øvrige formål,Kultur og medier,325,Allmenne kulturformål,72,Kultursamarbeid i nordområdene,0.0166,0.0156
utgift,Øvrige formål,Kultur og medier,325,Allmenne kulturformål,75,EUs program for kultur og audiovisuell sektor m.m.,0.1138,0.11
utgift,Øvrige formål,Kultur og medier,325,Allmenne kulturformål,82,Nobels Fredssenter,0.0413,0.0402
utgift,Øvrige formål,Kultur og medier,325,Allmenne kulturformål,86,Talentutvikling,0.0594,0.058
utgift,Øvrige formål,Kultur og medier,326,Språk- og bibliotekformål,1,Driftsutgifter,0.9587,0.9788
utgift,Øvrige formål,Kultur og medier,326,Språk- og bibliotekformål,21,Spesielle driftsutgifter,0.0328,0.0196
utgift,Øvrige formål,Kultur og medier,326,Språk- og bibliotekformål,45,Større utstyrsanskaffelser og vedlikehold,0.0532,0.0517
utgift,Øvrige formål,Kultur og medier,326,Språk- og bibliotekformål,73,Språktiltak,0.0445,0.0417
utgift,Øvrige formål,Kultur og medier,326,Språk- og bibliotekformål,74,Det Norske Samlaget,0.0257,0.025
utgift,Øvrige formål,Kultur og medier,326,Språk- og bibliotekformål,75,Tilskudd til ordboksarbeid,0.0162,0.0157
utgift,Øvrige formål,Kultur og medier,326,Språk- og bibliotekformål,80,Bibliotektiltak,0.036,0.0408
utgift,Øvrige formål,Kultur og medier,327,Nidaros domkirkes restaureringsarbeider mv.,1,Driftsutgifter,0.1155,0.0914
utgift,Øvrige formål,Kultur og medier,327,Nidaros domkirkes restaureringsarbeider mv.,70,Utenlandske krigsgraver i Norge,0.0052,0.0046
utgift,Øvrige formål,Kultur og medier,327,Nidaros domkirkes restaureringsarbeider mv.,71,Tilskudd til regionale pilegrimssentre,0.0102,0.0098
utgift,Øvrige formål,Kultur og medier,328,Museer m.m.,70,Det nasjonale museumsnettverket,2.8097,2.7221
utgift,Øvrige formål,Kultur og medier,328,Museer m.m.,78,Andre museums- og kulturverntiltak,0.0887,0.0867
utgift,Øvrige formål,Kultur og medier,329,Arkivformål,1,Driftsutgifter,0.5112,0.4968
utgift,Øvrige formål,Kultur og medier,329,Arkivformål,21,Spesielle driftsutgifter,0.0063,0.0061
utgift,Øvrige formål,Kultur og medier,329,Arkivformål,45,Større utstyrsanskaffelser og vedlikehold,0.0246,0.0205
utgift,Øvrige formål,Kultur og medier,329,Arkivformål,78,Arkivtiltak,0.0289,0.0289
utgift,Øvrige formål,Kultur og medier,334,Film- og dataspillformål,1,Driftsutgifter,0.1528,0.1481
utgift,Øvrige formål,Kultur og medier,334,Film- og dataspillformål,50,Filmfondet,0.74,0.693
utgift,Øvrige formål,Kultur og medier,334,Film- og dataspillformål,72,Insentivordningen for film- og serieproduksjoner,0.071,0.055
utgift,Øvrige formål,Kultur og medier,334,Film- og dataspillformål,73,Regionale filmvirksomheter,0.1591,0.1542
utgift,Øvrige formål,Kultur og medier,334,Film- og dataspillformål,75,Internasjonale film- og medieavtaler,0.0268,0.0229
utgift,Øvrige formål,Kultur og medier,334,Film- og dataspillformål,78,Film- og dataspilltiltak,0.0494,0.0433
utgift,Øvrige formål,Kultur og medier,335,Medieformål,1,Driftsutgifter,0.0916,0.0839
utgift,Øvrige formål,Kultur og medier,335,Medieformål,21,Spesielle driftsutgifter,0.0051,0.0049
utgift,Øvrige formål,Kultur og medier,335,Medieformål,70,Kompensasjon til kommersiell allmennkringkasting,0.15,0.15
utgift,Øvrige formål,Kultur og medier,335,Medieformål,71,Mediestøtte,0.5863,0.5268
utgift,Øvrige formål,Kultur og medier,335,Medieformål,73,Medietiltak,0.0434,0.0412
utgift,Øvrige formål,Kultur og medier,335,Medieformål,74,Tilskudd til lokale lyd- og bildemedier,0.0256,0.0247
utgift,Øvrige formål,Kultur og medier,335,Medieformål,79,Norsk rikskringkasting AS - NRK,8.01,7.7587
utgift,Øvrige formål,Kultur og medier,337,Kompensasjons- og vederlagsordninger,70,Kompensasjon for kopiering til privat bruk,0.0603,0.0603
utgift,Øvrige formål,Kultur og medier,337,Kompensasjons- og vederlagsordninger,71,Vederlagsordninger mv.,0.3764,0.3326
utgift,Øvrige formål,Kultur og medier,339,"Pengespill, lotterier og stiftelser",1,Driftsutgifter,0.134,0.1307
utgift,Øvrige formål,Kultur og medier,339,"Pengespill, lotterier og stiftelser",21,Spesielle driftsutgifter,0.0206,0.0151
utgift,Øvrige formål,Kultur og medier,350,Sekretariatet for Diskrimineringsnemnda,1,Driftsutgifter,0.0393,0.0363
utgift,Øvrige formål,Kultur og medier,351,Likestilling,21,"Forskning, utredning og spesielle driftsutgifter",0.0451,0.0464
utgift,Øvrige formål,Kultur og medier,351,Likestilling,70,Tilskudd til likestilling,0.0671,0.0645
utgift,Øvrige formål,Kultur og medier,351,Likestilling,72,Kjønns- og seksualitetsmangfold,0.0455,0.0441
utgift,Øvrige formål,Kultur og medier,351,Likestilling,73,Likestillingssentrene,0.0304,0.0294
utgift,Øvrige formål,Kultur og medier,352,Nedsatt funksjonsevne,21,"Forskning, utredning og spesielle driftsutgifter",0.0223,0.0264
utgift,Øvrige formål,Kultur og medier,352,Nedsatt funksjonsevne,70,Deltakelse for personer med funksjonsnedsettelse,0.3028,0.2901
utgift,Øvrige formål,Kultur og medier,352,Nedsatt funksjonsevne,71,Universell utforming og økt tilgjengelighet,0.0269,0.0213
utgift,Øvrige formål,Kultur og medier,352,Nedsatt funksjonsevne,72,Tilskudd til likestilling av personer med funksjonsnedsettelse,0.0357,0.0347
utgift,Øvrige formål,Kultur og medier,353,Likestillings- og diskrimineringsombudet,50,Basisbevilgning,0.0584,0.0563
utgift,Øvrige formål,Justis og beredskap,400,Justis- og beredskapsdepartementet,1,Driftsutgifter,0.4437,0.4891
utgift,Øvrige formål,Justis og beredskap,400,Justis- og beredskapsdepartementet,21,Spesielle driftsutgifter,0.029,0.0145
utgift,Øvrige formål,Justis og beredskap,400,Justis- og beredskapsdepartementet,71,Tilskudd til internasjonale organisasjoner,0.0242,0.0233
utgift,Øvrige formål,Justis og beredskap,400,Justis- og beredskapsdepartementet,73,Tilskudd til Norges forskningsråd,0.0964,0.0986
utgift,Øvrige formål,Justis og beredskap,410,Domstolene,1,Driftsutgifter,3.8056,3.6405
utgift,Øvrige formål,Justis og beredskap,410,Domstolene,21,Spesielle driftsutgifter,0.1132,0.1158
utgift,Øvrige formål,Justis og beredskap,410,Domstolene,22,"Vernesaker/sideutgifter, jordskiftedomstoler",0.0027,0.0025
utgift,Øvrige formål,Justis og beredskap,414,Forliksråd og andre domsutgifter,1,Driftsutgifter,0.4348,0.3842
utgift,Øvrige formål,Justis og beredskap,414,Forliksråd og andre domsutgifter,21,Spesielle driftsutgifter,0.0444,0.0429
utgift,Øvrige formål,Justis og beredskap,430,Kriminalomsorgen,1,Driftsutgifter,6.9444,6.5247
utgift,Øvrige formål,Justis og beredskap,430,Kriminalomsorgen,21,Spesielle driftsutgifter,0.1427,0.1305
utgift,Øvrige formål,Justis og beredskap,430,Kriminalomsorgen,25,Spesielle driftsutgifter utlendingsinternatet,0.0132,
utgift,Øvrige formål,Justis og beredskap,430,Kriminalomsorgen,45,Større utstyrsanskaffelser og vedlikehold,0.1726,0.0617
utgift,Øvrige formål,Justis og beredskap,430,Kriminalomsorgen,60,"Refusjoner til kommunene, forvaringsdømte mv.",0.1842,0.1721
utgift,Øvrige formål,Justis og beredskap,430,Kriminalomsorgen,70,Tilskudd,0.0451,0.0448
utgift,Øvrige formål,Justis og beredskap,432,Høyskolen for kriminalomsorg,1,Driftsutgifter,0.3188,0.3351
utgift,Øvrige formål,Justis og beredskap,433,Konfliktrådet,1,Driftsutgifter,0.2435,0.2102
utgift,Øvrige formål,Justis og beredskap,433,Konfliktrådet,60,Tilskudd til kommuner,0.0229,0.0348
utgift,Øvrige formål,Justis og beredskap,433,Konfliktrådet,70,Tilskudd,0.1163,0.0603
utgift,Øvrige formål,Justis og beredskap,440,Politiet,1,Driftsutgifter,26.1222,25.3856
utgift,Øvrige formål,Justis og beredskap,440,Politiet,21,Spesielle driftsutgifter - forskning og utvikling,0.02,0.0192
utgift,Øvrige formål,Justis og beredskap,440,Politiet,22,Søk etter antatt omkomne,0.0102,0.005
utgift,Øvrige formål,Justis og beredskap,440,Politiet,23,Sideutgifter i forbindelse med sivile gjøremål,0.0313,0.0302
utgift,Øvrige formål,Justis og beredskap,440,Politiet,25,"Variable utgifter ved ankomst, mottak og retur i politiets utlendingsforvaltning",0.2001,0.2021
utgift,Øvrige formål,Justis og beredskap,440,Politiet,45,Større utstyrsanskaffelser og vedlikehold,0.6801,0.0373
utgift,Øvrige formål,Justis og beredskap,440,Politiet,48,Tildeling fra EUs grense- og visumfinansieringsordninger,0.2727,0.2821
utgift,Øvrige formål,Justis og beredskap,440,Politiet,70,Tilskudd,0.005,0.0499
utgift,Øvrige formål,Justis og beredskap,440,Politiet,73,"Internasjonale forpliktelser, mv.",0.9191,0.8647
utgift,Øvrige formål,Justis og beredskap,442,Politihøgskolen,1,Driftsutgifter,0.8126,0.7465
utgift,Øvrige formål,Justis og beredskap,443,Påtalemyndigheten i politiet,1,Driftsutgifter,1.8324,1.7384
utgift,Øvrige formål,Justis og beredskap,444,Politiets sikkerhetstjeneste (PST),1,Driftsutgifter,2.1883,1.8824
utgift,Øvrige formål,Justis og beredskap,444,Politiets sikkerhetstjeneste (PST),45,Større utstyrsanskaffelser og vedlikehold,0.0852,0.0823
utgift,Øvrige formål,Justis og beredskap,445,Den høyere påtalemyndighet,1,Driftsutgifter,0.4176,0.4066
utgift,Øvrige formål,Justis og beredskap,448,Grensekommissæren,1,Driftsutgifter,0.0079,0.0076
utgift,Øvrige formål,Justis og beredskap,451,Direktoratet for samfunnssikkerhet og beredskap,1,Driftsutgifter,1.6958,1.6338
utgift,Øvrige formål,Justis og beredskap,451,Direktoratet for samfunnssikkerhet og beredskap,21,Spesielle driftsutgifter,0.0295,0.0285
utgift,Øvrige formål,Justis og beredskap,451,Direktoratet for samfunnssikkerhet og beredskap,22,Spesielle driftsutgifter - Nødnett,0.8381,0.6244
utgift,Øvrige formål,Justis og beredskap,451,Direktoratet for samfunnssikkerhet og beredskap,23,Variable utgifter EUs ordning for sivil beredskap,0.0558,0.0538
utgift,Øvrige formål,Justis og beredskap,451,Direktoratet for samfunnssikkerhet og beredskap,45,Større utstyrsanskaffelser og vedlikehold,0.2529,0.1456
utgift,Øvrige formål,Justis og beredskap,451,Direktoratet for samfunnssikkerhet og beredskap,70,Overføringer til private,0.0086,0.0083
utgift,Øvrige formål,Justis og beredskap,452,Sentral krisehåndtering,1,Driftsutgifter,0.0296,0.0311
utgift,Øvrige formål,Justis og beredskap,453,Klareringsdirektoratet,1,Driftsutgifter,0.1246,0.0707
utgift,Øvrige formål,Justis og beredskap,454,Redningshelikoptertjenesten,1,Driftsutgifter,1.5763,1.2464
utgift,Øvrige formål,Justis og beredskap,454,Redningshelikoptertjenesten,45,Større utstyrsanskaffelser og vedlikehold,0.834,0.769
utgift,Øvrige formål,Justis og beredskap,455,Redningstjenesten,1,Driftsutgifter,0.2956,0.29
utgift,Øvrige formål,Justis og beredskap,455,Redningstjenesten,21,Spesielle driftsutgifter,0.0513,0.0441
utgift,Øvrige formål,Justis og beredskap,455,Redningstjenesten,45,Større utstyrsanskaffelser og vedlikehold,0.0131,0.0163
utgift,Øvrige formål,Justis og beredskap,455,Redningstjenesten,71,Tilskudd til frivillige organisasjoner i redningstjenesten,0.12,0.0895
utgift,Øvrige formål,Justis og beredskap,455,Redningstjenesten,73,Tilskudd til Redningsselskapet,0.1562,0.1507
utgift,Øvrige formål,Justis og beredskap,457,Nasjonal sikkerhetsmyndighet,1,Driftsutgifter,0.676,0.5749
utgift,Øvrige formål,Justis og beredskap,457,Nasjonal sikkerhetsmyndighet,45,Større utstyrsanskaffelser og vedlikehold,0.1098,0.0124
utgift,Øvrige formål,Justis og beredskap,460,Spesialenheten for politisaker,1,Driftsutgifter,0.0812,0.0791
utgift,Øvrige formål,Justis og beredskap,461,Advokattilsynet,1,Driftsutgifter,0.0901,0.0569
utgift,Øvrige formål,Justis og beredskap,466,Særskilte straffesaksutgifter m.m.,1,Driftsutgifter,0.0309,0.03
utgift,Øvrige formål,Justis og beredskap,466,Særskilte straffesaksutgifter m.m.,21,Spesielle driftsutgifter,2.1244,
utgift,Øvrige formål,Justis og beredskap,467,Norsk Lovtidend,1,Driftsutgifter,0.0147,0.0143
utgift,Øvrige formål,Justis og beredskap,468,Kommisjonen for gjenopptakelse av straffesaker,1,Driftsutgifter,0.0326,0.0317
utgift,Øvrige formål,Justis og beredskap,470,Fri rettshjelp,21,Spesielle driftsutgifter,0.9553,
utgift,Øvrige formål,Justis og beredskap,470,Fri rettshjelp,72,Tilskudd til spesielle rettshjelptiltak,0.0645,0.066
utgift,Øvrige formål,Justis og beredskap,471,Statens erstatningsansvar og Stortingets rettferdsvederlagsordning,71,Erstatningsansvar m.m.,0.1664,0.1415
utgift,Øvrige formål,Justis og beredskap,471,Statens erstatningsansvar og Stortingets rettferdsvederlagsordning,72,Erstatning i anledning av straffeforfølging,0.1289,0.1243
utgift,Øvrige formål,Justis og beredskap,471,Statens erstatningsansvar og Stortingets rettferdsvederlagsordning,73,Stortingets rettferdsvederlagsordning,0.0199,0.0383
utgift,Øvrige formål,Justis og beredskap,473,Statens sivilrettsforvaltning,1,Driftsutgifter,0.1729,0.1682
utgift,Øvrige formål,Justis og beredskap,473,Statens sivilrettsforvaltning,21,Spesielle driftsutgifter,0.1089,0.118
utgift,Øvrige formål,Justis og beredskap,473,Statens sivilrettsforvaltning,70,Erstatning til voldsofre,0.6588,0.5
utgift,Øvrige formål,Justis og beredskap,475,Bobehandling,1,Driftsutgifter,0.2242,0.1733
utgift,Øvrige formål,Justis og beredskap,475,Bobehandling,21,Spesielle driftsutgifter,0.0146,0.0096
utgift,Øvrige formål,Justis og beredskap,480,Svalbardbudsjettet,50,Tilskudd,0.6481,0.5696
utgift,Øvrige formål,Justis og beredskap,481,Samfunnet Jan Mayen,1,Driftsutgifter,0.0664,0.0646
utgift,Øvrige formål,Justis og beredskap,490,Utlendingsdirektoratet,1,Driftsutgifter,1.6288,1.4193
utgift,Øvrige formål,Justis og beredskap,490,Utlendingsdirektoratet,21,"Spesielle driftsutgifter, asylmottak",2.2236,2.2843
utgift,Øvrige formål,Justis og beredskap,490,Utlendingsdirektoratet,22,"Spesielle driftsutgifter, tolk og oversettelse",0.0151,0.0217
utgift,Øvrige formål,Justis og beredskap,490,Utlendingsdirektoratet,23,"Spesielle driftsutgifter, kunnskapsutvikling",0.0079,0.0076
utgift,Øvrige formål,Justis og beredskap,490,Utlendingsdirektoratet,45,Større utstyrsanskaffelser og vedlikehold,0.3071,0.1709
utgift,Øvrige formål,Justis og beredskap,490,Utlendingsdirektoratet,46,Investeringer i Schengen IT-systemer,0.044,0.0921
utgift,Øvrige formål,Justis og beredskap,490,Utlendingsdirektoratet,60,Tilskudd til vertskommuner for asylmottak,0.3732,0.3523
utgift,Øvrige formål,Justis og beredskap,490,Utlendingsdirektoratet,70,Stønader til beboere i asylmottak,0.4734,0.5022
utgift,Øvrige formål,Justis og beredskap,490,Utlendingsdirektoratet,71,Tilskudd til aktivitetstilbud for barn i asylmottak,0.0176,0.017
utgift,Øvrige formål,Justis og beredskap,490,Utlendingsdirektoratet,72,Assistert retur og reintegrering i hjemlandet,0.0913,0.1101
utgift,Øvrige formål,Justis og beredskap,490,Utlendingsdirektoratet,73,Reiseutgifter og tiltak for flyktninger utenfor Norge,0.0121,0.0105
utgift,Øvrige formål,Justis og beredskap,490,Utlendingsdirektoratet,74,"Internasjonale forpliktelser, kontingenter mv.",0.1145,0.0936
utgift,Øvrige formål,Justis og beredskap,490,Utlendingsdirektoratet,76,Internasjonalt migrasjonsarbeid,0.0293,0.0282
utgift,Øvrige formål,Justis og beredskap,491,Utlendingsnemnda,1,Driftsutgifter,0.3409,0.2997
utgift,Øvrige formål,Justis og beredskap,491,Utlendingsnemnda,21,"Spesielle driftsutgifter, nemndbehandling mv.",0.0082,0.0079
utgift,Øvrige formål,Statsforvaltning og annet,500,Kommunal- og distriktsdepartementet,1,Driftsutgifter,0.3201,0.3162
utgift,Øvrige formål,Statsforvaltning og annet,500,Kommunal- og distriktsdepartementet,21,Spesielle driftsutgifter,0.0551,0.0541
utgift,Øvrige formål,Statsforvaltning og annet,500,Kommunal- og distriktsdepartementet,50,Forskningssenter,0.0108,0.0104
utgift,Øvrige formål,Statsforvaltning og annet,500,Kommunal- og distriktsdepartementet,70,Diverse formål,0.0025,0.0034
utgift,Øvrige formål,Statsforvaltning og annet,500,Kommunal- og distriktsdepartementet,72,Norges forskningsråd,0.0835,0.0787
utgift,Øvrige formål,Statsforvaltning og annet,553,Regional- og distriktsutvikling,60,Kompetanse og arbeidskraft i distriktene,0.0775,0.0747
utgift,Øvrige formål,Statsforvaltning og annet,553,Regional- og distriktsutvikling,61,Mobiliserende og kvalifiserende næringsutvikling,0.7936,0.7936
utgift,Øvrige formål,Statsforvaltning og annet,553,Regional- og distriktsutvikling,63,"Interreg, Arktis 2030 og det norske Barentssekretariatet",0.1712,0.1634
utgift,Øvrige formål,Statsforvaltning og annet,553,Regional- og distriktsutvikling,65,Omstilling og utvikling i områder med særlige distriktsutfordringer,0.1232,0.129
utgift,Øvrige formål,Statsforvaltning og annet,553,Regional- og distriktsutvikling,66,Bygdevekstavtaler,0.0763,0.074
utgift,Øvrige formål,Statsforvaltning og annet,553,Regional- og distriktsutvikling,76,Nordisk og europeisk samarbeid,0.0193,0.0187
utgift,Øvrige formål,Statsforvaltning og annet,554,Kompetansesenter for distriktsutvikling,1,Driftsutgifter,0.0399,0.0393
utgift,Øvrige formål,Statsforvaltning og annet,554,Kompetansesenter for distriktsutvikling,73,Merkur,0.0629,0.0796
utgift,Øvrige formål,Statsforvaltning og annet,560,Samiske formål,50,"Samisk språk, kultur og samfunnsliv",0.8073,0.7729
utgift,Øvrige formål,Statsforvaltning og annet,560,Samiske formål,51,Divvun,0.0154,0.0139
utgift,Øvrige formål,Statsforvaltning og annet,560,Samiske formål,55,Samisk høgskole,0.0096,0.0093
utgift,Øvrige formål,Statsforvaltning og annet,563,Internasjonalt reindriftssenter,1,Driftsutgifter,0.0072,0.007
utgift,Øvrige formål,Statsforvaltning og annet,563,Internasjonalt reindriftssenter,21,Spesielle driftsutgifter,0.0035,0.0034
utgift,Øvrige formål,Statsforvaltning og annet,567,Nasjonale minoriteter,60,Romer,0.0078,0.0075
utgift,Øvrige formål,Statsforvaltning og annet,567,Nasjonale minoriteter,70,Nasjonale minoriteter,0.0129,0.0124
utgift,Øvrige formål,Statsforvaltning og annet,567,Nasjonale minoriteter,72,Jødiske samfunn i Norge,0.0196,0.018
utgift,Øvrige formål,Statsforvaltning og annet,567,Nasjonale minoriteter,73,Kvensk språk og kvensk/norskfinsk kultur,0.0265,0.0251
utgift,Øvrige formål,Statsforvaltning og annet,567,Nasjonale minoriteter,74,Kultur- og ressurssenter for romer,0.023,0.0212
utgift,Øvrige formål,Statsforvaltning og annet,567,Nasjonale minoriteter,75,Romanifolket/taterne,0.0065,0.0063
utgift,Kommunesektoren,Rammetilskudd kommuner,571,Rammetilskudd til kommuner,21,Spesielle driftsutgifter,0.0239,0.024
utgift,Kommunesektoren,Rammetilskudd kommuner,571,Rammetilskudd til kommuner,60,Innbyggertilskudd,211.6051,198.1367
utgift,Kommunesektoren,Rammetilskudd kommuner,571,Rammetilskudd til kommuner,61,Distriktstilskudd Sør-Norge,0.9464,0.812
utgift,Kommunesektoren,Rammetilskudd kommuner,571,Rammetilskudd til kommuner,62,Distriktstilskudd Nord-Norge,2.785,2.6707
utgift,Kommunesektoren,Rammetilskudd kommuner,571,Rammetilskudd til kommuner,64,Skjønnstilskudd,1.03,1.03
utgift,Kommunesektoren,Rammetilskudd kommuner,571,Rammetilskudd til kommuner,66,Veksttilskudd,0.0746,0.1259
utgift,Kommunesektoren,Rammetilskudd kommuner,571,Rammetilskudd til kommuner,67,Storbytilskudd,0.7188,0.6884
utgift,Kommunesektoren,Rammetilskudd fylkeskommuner,572,Rammetilskudd til fylkeskommuner,60,Innbyggertilskudd,59.5083,54.711
utgift,Kommunesektoren,Rammetilskudd fylkeskommuner,572,Rammetilskudd til fylkeskommuner,62,Nord-Norge-tilskudd,0.8757,0.8427
utgift,Kommunesektoren,Øvrig til kommunesektoren,573,Kommunestruktur,60,Virkemidler for frivillige kommunesammenslåinger,0.07,
utgift,Kommunesektoren,Øvrig til kommunesektoren,575,Ressurskrevende tjenester,60,Toppfinansieringsordning,14.3021,14.2499
utgift,Kommunesektoren,Øvrig til kommunesektoren,575,Ressurskrevende tjenester,61,Tilleggskompensasjon,0.0997,0.0959
utgift,Kommunesektoren,Øvrig til kommunesektoren,577,Partistøtte,1,Driftsutgifter,0.0085,0.0083
utgift,Kommunesektoren,Øvrig til kommunesektoren,577,Partistøtte,70,Sentrale organisasjoner,0.4396,0.4039
utgift,Kommunesektoren,Øvrig til kommunesektoren,577,Partistøtte,71,Kommunale organisasjoner,0.0437,0.0422
utgift,Kommunesektoren,Øvrig til kommunesektoren,577,Partistøtte,73,Fylkesorganisasjoner,0.0955,0.0921
utgift,Kommunesektoren,Øvrig til kommunesektoren,577,Partistøtte,75,Fylkesungdomsorganisasjoner,0.0346,0.0334
utgift,Kommunesektoren,Øvrig til kommunesektoren,577,Partistøtte,76,Sentrale ungdomsorganisasjoner,0.017,0.0164
utgift,Kommunesektoren,Øvrig til kommunesektoren,578,Valgdirektoratet,1,Driftsutgifter,0.1112,0.078
utgift,Kommunesektoren,Øvrig til kommunesektoren,578,Valgdirektoratet,70,Informasjonstiltak,0.0066,
utgift,Kommunesektoren,Øvrig til kommunesektoren,579,Valgutgifter,1,Driftsutgifter,0.0091,0.0088
utgift,Øvrige formål,Statsforvaltning og annet,581,Bolig- og bomiljøtiltak,70,Bostøtte,4.21,4.28
utgift,Øvrige formål,Statsforvaltning og annet,581,Bolig- og bomiljøtiltak,78,Boligtiltak,0.0404,0.0392
utgift,Øvrige formål,Statsforvaltning og annet,590,Planlegging og byutvikling,62,Arealplanlegging,0.02,
utgift,Øvrige formål,Statsforvaltning og annet,590,Planlegging og byutvikling,63,FutureBuilt,0.0052,0.005
utgift,Øvrige formål,Statsforvaltning og annet,590,Planlegging og byutvikling,65,Områdesatsing i byer,0.1448,0.1448
utgift,Øvrige formål,Statsforvaltning og annet,590,Planlegging og byutvikling,66,Bolig- og områdeutvikling i byer,0.0166,
utgift,Øvrige formål,Statsforvaltning og annet,590,Planlegging og byutvikling,71,DOGA,0.0529,0.051
utgift,Øvrige formål,Statsforvaltning og annet,590,Planlegging og byutvikling,81,Kompetansetiltak innen planlegging og geodata,0.0021,0.0102
utgift,Øvrige formål,Statsforvaltning og annet,595,Statens kartverk,1,Driftsutgifter,1.1736,1.1054
utgift,Øvrige formål,Statsforvaltning og annet,595,Statens kartverk,21,Spesielle driftsutgifter,0.4626,0.3329
utgift,"Arbeid, familie og integrering",Øvrig arbeid og familie,600,Arbeids- og inkluderingsdepartementet,1,Driftsutgifter,0.3212,0.3152
utgift,"Arbeid, familie og integrering",Øvrig arbeid og familie,601,"Utredningsvirksomhet, forskning mv.",21,Spesielle driftsutgifter,0.1052,0.1014
utgift,"Arbeid, familie og integrering",Øvrig arbeid og familie,601,"Utredningsvirksomhet, forskning mv.",22,Kunnskapsutvikling i IA-avtalen mv.,0.0379,0.0379
utgift,"Arbeid, familie og integrering",Øvrig arbeid og familie,601,"Utredningsvirksomhet, forskning mv.",70,Tilskudd,0.0697,0.0675
utgift,"Arbeid, familie og integrering",Øvrig arbeid og familie,601,"Utredningsvirksomhet, forskning mv.",71,Tilskudd til bransjeprogrammer under IA-avtalen mv.,0.0898,0.0898
utgift,"Arbeid, familie og integrering",Øvrig arbeid og familie,601,"Utredningsvirksomhet, forskning mv.",72,Tilskudd til Kunnskapssenter for lengre arbeidsliv,0.023,0.0202
utgift,"Arbeid, familie og integrering",Øvrig arbeid og familie,601,"Utredningsvirksomhet, forskning mv.",73,Tilskudd til trygderettslig/EØS-rettslig forskning og kompetanseutvikling,0.0063,0.006
utgift,"Arbeid, familie og integrering",Øvrig arbeid og familie,601,"Utredningsvirksomhet, forskning mv.",74,Tilskudd til Norges forskningsråd,0.1846,0.1721
utgift,"Arbeid, familie og integrering",Øvrig arbeid og familie,601,"Utredningsvirksomhet, forskning mv.",75,Tilskudd til bærekraftig sykmelding,0.016,0.016
utgift,"Arbeid, familie og integrering",Drift av Nav,604,Utviklingstiltak i arbeids- og velferdsforvaltningen,21,Spesielle driftsutgifter,0.1168,0.077
utgift,"Arbeid, familie og integrering",Drift av Nav,604,Utviklingstiltak i arbeids- og velferdsforvaltningen,45,Større utstyrsanskaffelser og vedlikehold,0.3664,0.137
utgift,"Arbeid, familie og integrering",Drift av Nav,605,Arbeids- og velferdsetaten,1,Driftsutgifter,16.0009,15.5997
utgift,"Arbeid, familie og integrering",Drift av Nav,605,Arbeids- og velferdsetaten,22,Forsknings- og utredningsaktiviteter,0.0841,0.0758
utgift,"Arbeid, familie og integrering",Drift av Nav,606,Trygderetten,1,Driftsutgifter,0.1254,0.1246
utgift,"Arbeid, familie og integrering",Øvrig arbeid og familie,611,Pensjoner av statskassen,1,Driftsutgifter,0.02,0.018
utgift,"Arbeid, familie og integrering",Øvrig arbeid og familie,612,Tilskudd til Statens pensjonskasse,1,Driftsutgifter,13.156,14.507
utgift,"Arbeid, familie og integrering",Øvrig arbeid og familie,613,Arbeidsgiveravgift til folketrygden,1,Driftsutgifter,0.001,0.001
utgift,"Arbeid, familie og integrering",Øvrig arbeid og familie,621,Tilskudd til sosiale tjenester og sosial inkludering,21,Spesielle driftsutgifter,0.1154,0.1113
utgift,"Arbeid, familie og integrering",Øvrig arbeid og familie,621,Tilskudd til sosiale tjenester og sosial inkludering,63,Sosiale tjenester og tiltak for vanskeligstilte,0.1791,0.2075
utgift,"Arbeid, familie og integrering",Øvrig arbeid og familie,621,Tilskudd til sosiale tjenester og sosial inkludering,70,Frivillig arbeid,0.1219,0.1076
utgift,"Arbeid, familie og integrering",Øvrig arbeid og familie,621,Tilskudd til sosiale tjenester og sosial inkludering,74,Tilskudd til pensjonistenes organisasjoner mv.,0.0177,0.0171
utgift,"Arbeid, familie og integrering",Arbeidsmarkedstiltak,634,Arbeidsmarkedstiltak,1,Driftsutgifter,0.8333,0.7831
utgift,"Arbeid, familie og integrering",Arbeidsmarkedstiltak,634,Arbeidsmarkedstiltak,21,Forsøk med tilrettelagt videregående opplæring,0.0354,0.0538
utgift,"Arbeid, familie og integrering",Arbeidsmarkedstiltak,634,Arbeidsmarkedstiltak,70,Forsøk med ungdomsprogramytelse,0.225,0.209
utgift,"Arbeid, familie og integrering",Arbeidsmarkedstiltak,634,Arbeidsmarkedstiltak,75,Varig lønnstilskudd,1.0712,1.048
utgift,"Arbeid, familie og integrering",Arbeidsmarkedstiltak,634,Arbeidsmarkedstiltak,76,Tiltak for arbeidssøkere,8.0106,7.7685
utgift,"Arbeid, familie og integrering",Arbeidsmarkedstiltak,634,Arbeidsmarkedstiltak,77,Varig tilrettelagt arbeid,2.5155,2.3882
utgift,"Arbeid, familie og integrering",Arbeidsmarkedstiltak,634,Arbeidsmarkedstiltak,78,Tilskudd til arbeids- og utdanningsreiser,0.1434,0.1383
utgift,"Arbeid, familie og integrering",Arbeidsmarkedstiltak,634,Arbeidsmarkedstiltak,79,Funksjonsassistanse i arbeidslivet,0.1518,0.1569
utgift,"Arbeid, familie og integrering",Øvrig arbeid og familie,640,Arbeidstilsynet,1,Driftsutgifter,0.9821,0.9414
utgift,"Arbeid, familie og integrering",Øvrig arbeid og familie,640,Arbeidstilsynet,21,"Spesielle driftsutgifter, regionale verneombud",0.0205,0.0198
utgift,"Arbeid, familie og integrering",Øvrig arbeid og familie,643,Statens arbeidsmiljøinstitutt,50,Statstilskudd,0.1933,0.1865
utgift,"Arbeid, familie og integrering",Øvrig arbeid og familie,647,Kompensasjonsordning for oljepionerene,1,Driftsutgifter,0.0117,0.021
utgift,"Arbeid, familie og integrering",Øvrig arbeid og familie,647,Kompensasjonsordning for oljepionerene,70,Kompensasjonsutbetalinger til oljepionerene,0.0529,0.434
utgift,"Arbeid, familie og integrering",Øvrig arbeid og familie,648,"Arbeidsretten, Riksmekleren mv.",1,Driftsutgifter,0.0289,0.0282
utgift,"Arbeid, familie og integrering",Øvrig arbeid og familie,648,"Arbeidsretten, Riksmekleren mv.",21,Spesielle driftsutgifter,0.0006,0.0006
utgift,"Arbeid, familie og integrering",Øvrig arbeid og familie,648,"Arbeidsretten, Riksmekleren mv.",70,Tilskudd til faglig utvikling,0.0024,0.0023
utgift,"Arbeid, familie og integrering",Øvrig arbeid og familie,660,Krigspensjon,70,"Tilskudd, militære",0.012,0.015
utgift,"Arbeid, familie og integrering",Øvrig arbeid og familie,660,Krigspensjon,71,"Tilskudd, sivile",0.049,0.055
utgift,"Arbeid, familie og integrering",Øvrig arbeid og familie,664,Pensjonsordningen for arbeidstakere til sjøs,70,Tilskudd,0.0154,0.0168
utgift,"Arbeid, familie og integrering",Øvrig arbeid og familie,666,Avtalefestet pensjon (AFP),70,Tilskudd,5.06,4.68
utgift,"Arbeid, familie og integrering",Øvrig arbeid og familie,667,Supplerende stønad,70,Tilskudd til personer over 67 år med kort botid,0.475,0.43
utgift,"Arbeid, familie og integrering",Øvrig arbeid og familie,667,Supplerende stønad,71,Tilskudd til uføre flyktninger med kort botid,0.48,0.395
utgift,"Arbeid, familie og integrering",Integrering,670,Integrerings- og mangfoldsdirektoratet,1,Driftsutgifter,0.3898,0.3634
utgift,"Arbeid, familie og integrering",Integrering,670,Integrerings- og mangfoldsdirektoratet,21,Spesielle driftsutgifter,0.033,0.0323
utgift,"Arbeid, familie og integrering",Integrering,671,Bosetting av flyktninger og tiltak for innvandrere,45,Større utstyrsanskaffelser og vedlikehold,0.0548,0.0529
utgift,"Arbeid, familie og integrering",Integrering,671,Bosetting av flyktninger og tiltak for innvandrere,60,Integreringstilskudd,13.712,17.4352
utgift,"Arbeid, familie og integrering",Integrering,671,Bosetting av flyktninger og tiltak for innvandrere,61,Særskilt tilskudd ved bosetting av enslige mindreårige flyktninger,2.1752,2.4393
utgift,"Arbeid, familie og integrering",Integrering,671,Bosetting av flyktninger og tiltak for innvandrere,62,Kommunale integreringstiltak,0.4265,0.3795
utgift,"Arbeid, familie og integrering",Integrering,671,Bosetting av flyktninger og tiltak for innvandrere,70,"Bosettingsordningen og integreringstilskudd, oppfølging",0.003,0.0028
utgift,"Arbeid, familie og integrering",Integrering,671,Bosetting av flyktninger og tiltak for innvandrere,71,Tilskudd til integreringsarbeid i regi av sivilsamfunn og frivillige organisasjoner,0.2754,0.2494
utgift,"Arbeid, familie og integrering",Integrering,671,Bosetting av flyktninger og tiltak for innvandrere,72,Kvalifiseringsordninger for tolker,0.025,0.0241
utgift,"Arbeid, familie og integrering",Integrering,671,Bosetting av flyktninger og tiltak for innvandrere,73,Tilskudd,0.0214,0.0214
utgift,"Arbeid, familie og integrering",Integrering,672,Opplæring i norsk og samfunnskunnskap for voksne innvandrere,21,Spesielle driftsutgifter,0.0914,0.0913
utgift,"Arbeid, familie og integrering",Integrering,672,Opplæring i norsk og samfunnskunnskap for voksne innvandrere,22,Prøver i norsk og samfunnskunnskap for voksne innvandrere,0.0521,0.0488
utgift,"Arbeid, familie og integrering",Integrering,672,Opplæring i norsk og samfunnskunnskap for voksne innvandrere,45,Større utstyrsanskaffelser og vedlikehold,0.0107,0.0167
utgift,"Arbeid, familie og integrering",Integrering,672,Opplæring i norsk og samfunnskunnskap for voksne innvandrere,60,Tilskudd til opplæring i norsk og samfunnskunnskap for voksne innvandrere,1.3795,1.4169
utgift,"Arbeid, familie og integrering",Integrering,672,Opplæring i norsk og samfunnskunnskap for voksne innvandrere,61,Kompetansekartlegging i mottak før bosetting,0.0006,0.0008
utgift,Helse og omsorg,Øvrig helse og omsorg,700,Helse- og omsorgsdepartementet,1,Driftsutgifter,0.3428,0.334
utgift,Helse og omsorg,Øvrig helse og omsorg,700,Helse- og omsorgsdepartementet,21,Spesielle driftsutgifter,0.0458,
utgift,Helse og omsorg,Øvrig helse og omsorg,701,Digitalisering i helse- og omsorgstjenesten,21,Spesielle driftsutgifter,0.418,0.255
utgift,Helse og omsorg,Øvrig helse og omsorg,701,Digitalisering i helse- og omsorgstjenesten,70,Norsk Helsenett SF,0.0805,0.0748
utgift,Helse og omsorg,Øvrig helse og omsorg,701,Digitalisering i helse- og omsorgstjenesten,73,Tilskudd til digitalisering i kommunal helse- og omsorgstjeneste,0.0453,0.0454
utgift,Helse og omsorg,Øvrig helse og omsorg,701,Digitalisering i helse- og omsorgstjenesten,74,Rammefinansiering av fellestjenester levert av Norsk helsenett,0.1424,0.1239
utgift,Helse og omsorg,Øvrig helse og omsorg,702,Beredskap,21,Spesielle driftsutgifter,0.0306,0.0379
utgift,Helse og omsorg,Øvrig helse og omsorg,702,Beredskap,70,Tilskudd,0.0049,0.0049
utgift,Helse og omsorg,Øvrig helse og omsorg,703,Internasjonalt samarbeid,21,Spesielle driftsutgifter,0.017,0.0182
utgift,Helse og omsorg,Øvrig helse og omsorg,703,Internasjonalt samarbeid,71,Internasjonale organisasjoner,0.2698,0.255
utgift,Helse og omsorg,Øvrig helse og omsorg,703,Internasjonalt samarbeid,72,Tilskudd til Verdens helseorganisasjon (WHO),0.0244,0.0236
utgift,Helse og omsorg,Øvrig helse og omsorg,704,Norsk helsearkiv,1,Driftsutgifter,0.0795,0.078
utgift,Helse og omsorg,Øvrig helse og omsorg,704,Norsk helsearkiv,21,Spesielle driftsutgifter,0.0109,0.0097
utgift,Helse og omsorg,Øvrig helse og omsorg,709,Pasient- og brukerombud,1,Driftsutgifter,0.0905,0.0886
utgift,Helse og omsorg,Øvrig helse og omsorg,710,Vaksiner mv.,21,Spesielle driftsutgifter,0.3978,0.3067
utgift,Helse og omsorg,Øvrig helse og omsorg,710,Vaksiner mv.,22,Salgs- og beredskapsprodukter m.m.,0.0068,0.1829
utgift,Helse og omsorg,Øvrig helse og omsorg,710,Vaksiner mv.,23,Vaksinasjonsprogram for voksne og risikogrupper,0.3537,0.2616
utgift,Helse og omsorg,Øvrig helse og omsorg,712,Bioteknologirådet,1,Driftsutgifter,0.0145,0.0145
utgift,Helse og omsorg,Øvrig helse og omsorg,714,Folkehelse,21,Spesielle driftsutgifter,0.097,0.1399
utgift,Helse og omsorg,Øvrig helse og omsorg,714,Folkehelse,22,Gebyrfinansierte ordninger,0.0591,0.0472
utgift,Helse og omsorg,Øvrig helse og omsorg,714,Folkehelse,60,Kommunale tiltak,0.0158,0.1213
utgift,Helse og omsorg,Øvrig helse og omsorg,714,Folkehelse,70,Rusmiddeltiltak mv.,0.1616,0.2055
utgift,Helse og omsorg,Øvrig helse og omsorg,714,Folkehelse,74,Skolefrukt mv.,0.021,0.021
utgift,Helse og omsorg,Øvrig helse og omsorg,714,Folkehelse,79,Andre tilskudd,0.1972,0.0858
utgift,Helse og omsorg,Øvrig helse og omsorg,717,Legemiddeltiltak,21,Spesielle driftsutgifter,0.0001,0.0111
utgift,Helse og omsorg,Øvrig helse og omsorg,717,Legemiddeltiltak,70,Legemiddelinformasjon,0.0743,0.0752
utgift,Helse og omsorg,Øvrig helse og omsorg,717,Legemiddeltiltak,71,Legemiddeldistribusjon,0.1088,
utgift,Helse og omsorg,Sykehusene,732,Regionale helseforetak,21,Spesielle driftsutgifter,0.0032,0.0208
utgift,Helse og omsorg,Sykehusene,732,Regionale helseforetak,70,Særskilte tilskudd,10.1618,2.1375
utgift,Helse og omsorg,Sykehusene,732,Regionale helseforetak,71,Resultatbasert finansiering,0.7174,0.6931
utgift,Helse og omsorg,Sykehusene,732,Regionale helseforetak,72,Basisbevilgning Helse Sør-Øst RHF,90.29,94.7803
utgift,Helse og omsorg,Sykehusene,732,Regionale helseforetak,73,Basisbevilgning Helse Vest RHF,31.6028,33.303
utgift,Helse og omsorg,Sykehusene,732,Regionale helseforetak,74,Basisbevilgning Helse Midt-Norge RHF,23.4396,24.5813
utgift,Helse og omsorg,Sykehusene,732,Regionale helseforetak,75,Basisbevilgning Helse Nord RHF,20.0031,20.7725
utgift,Helse og omsorg,Sykehusene,732,Regionale helseforetak,76,Innsatsstyrt finansiering,46.5508,33.5238
utgift,Helse og omsorg,Sykehusene,732,Regionale helseforetak,77,Laboratorie- og radiologiske undersøkelser,4.876,4.7673
utgift,Helse og omsorg,Sykehusene,732,Regionale helseforetak,78,Forskning mv.,1.0436,1.3525
utgift,Helse og omsorg,Sykehusene,732,Regionale helseforetak,80,Kompensasjon for merverdiavgift,12.0555,11.2301
utgift,Helse og omsorg,Sykehusene,732,Regionale helseforetak,82,Investeringslån,8.7486,6.9925
utgift,Helse og omsorg,Sykehusene,732,Regionale helseforetak,83,Byggelånsrenter,0.901,0.651
utgift,Helse og omsorg,Sykehusene,733,Habilitering og rehabilitering,21,Spesielle driftsutgifter,0.0067,0.004
utgift,Helse og omsorg,Sykehusene,733,Habilitering og rehabilitering,70,Behandlingsreiser til utlandet,0.1258,0.1213
utgift,Helse og omsorg,Sykehusene,733,Habilitering og rehabilitering,79,Andre tilskudd,0.0035,0.006
utgift,Helse og omsorg,Sykehusene,734,Særskilte tilskudd til psykisk helse og rustiltak,1,Driftsutgifter,0.1358,0.1322
utgift,Helse og omsorg,Sykehusene,734,Særskilte tilskudd til psykisk helse og rustiltak,21,Spesielle driftsutgifter,0.0174,0.0168
utgift,Helse og omsorg,Sykehusene,734,Særskilte tilskudd til psykisk helse og rustiltak,70,Hjemhenting ved alvorlig psykisk lidelse mv.,0.0036,0.0035
utgift,Helse og omsorg,Sykehusene,734,Særskilte tilskudd til psykisk helse og rustiltak,71,Tvungen omsorg for psykisk utviklingshemmede,0.64,0.6172
utgift,Helse og omsorg,Sykehusene,734,Særskilte tilskudd til psykisk helse og rustiltak,72,Utviklingsområder innen psykisk helsevern og rus,0.0154,0.0154
utgift,Helse og omsorg,Sykehusene,737,Historiske pensjonskostnader,70,Tilskudd,0.1119,0.0818
utgift,Helse og omsorg,Øvrig helse og omsorg,740,Helsedirektoratet,1,Driftsutgifter,1.971,1.5568
utgift,Helse og omsorg,Øvrig helse og omsorg,740,Helsedirektoratet,21,Spesielle driftsutgifter,0.0865,0.1153
utgift,Helse og omsorg,Øvrig helse og omsorg,741,Norsk pasientskadeerstatning,1,Driftsutgifter,0.2469,0.2539
utgift,Helse og omsorg,Øvrig helse og omsorg,741,Norsk pasientskadeerstatning,21,Spesielle driftsutgifter,0.008,
utgift,Helse og omsorg,Øvrig helse og omsorg,741,Norsk pasientskadeerstatning,70,Advokatutgifter,0.0532,0.0583
utgift,Helse og omsorg,Øvrig helse og omsorg,741,Norsk pasientskadeerstatning,71,Særskilte tilskudd,0.0386,0.0372
utgift,Helse og omsorg,Øvrig helse og omsorg,742,Nasjonalt klageorgan for helsetjenesten,1,Driftsutgifter,0.2024,0.197
utgift,Helse og omsorg,Øvrig helse og omsorg,742,Nasjonalt klageorgan for helsetjenesten,21,Spesielle driftsutgifter,0.0076,0.017
utgift,Helse og omsorg,Øvrig helse og omsorg,745,Folkehelseinstituttet,1,Driftsutgifter,1.5563,1.615
utgift,Helse og omsorg,Øvrig helse og omsorg,745,Folkehelseinstituttet,21,Spesielle driftsutgifter,0.2587,0.2024
utgift,Helse og omsorg,Øvrig helse og omsorg,745,Folkehelseinstituttet,45,Større utstyrsanskaffelser og vedlikehold,0.0166,0.0161
utgift,Helse og omsorg,Øvrig helse og omsorg,746,Direktoratet for medisinske produkter,1,Driftsutgifter,0.5164,0.4586
utgift,Helse og omsorg,Øvrig helse og omsorg,746,Direktoratet for medisinske produkter,21,Spesielle driftsutgifter,0.0925,0.052
utgift,Helse og omsorg,Øvrig helse og omsorg,747,Direktoratet for strålevern og atomsikkerhet,1,Driftsutgifter,0.2424,0.2205
utgift,Helse og omsorg,Øvrig helse og omsorg,747,Direktoratet for strålevern og atomsikkerhet,21,Spesielle driftsutgifter,0.0204,0.0158
utgift,Helse og omsorg,Øvrig helse og omsorg,747,Direktoratet for strålevern og atomsikkerhet,45,Større utstyrsanskaffelser og vedlikehold,0.006,0.0058
utgift,Helse og omsorg,Øvrig helse og omsorg,748,Statens helsetilsyn,1,Driftsutgifter,0.1946,0.1879
utgift,Helse og omsorg,Øvrig helse og omsorg,748,Statens helsetilsyn,21,Spesielle driftsutgifter,0.0118,0.0114
utgift,Helse og omsorg,Øvrig helse og omsorg,749,Statens undersøkelseskommisjon for helse- og omsorgstjenesten,1,Driftsutgifter,0.0401,0.0421
utgift,Helse og omsorg,Øvrig helse og omsorg,760,Kommunale helse- og omsorgstjenester,21,Spesielle driftsutgifter,0.3062,0.4327
utgift,Helse og omsorg,Øvrig helse og omsorg,760,Kommunale helse- og omsorgstjenester,60,"Kompetanse, rekruttering og innovasjon",1.617,1.3378
utgift,Helse og omsorg,Øvrig helse og omsorg,760,Kommunale helse- og omsorgstjenester,62,Tilskudd til vertskommuner,0.6115,0.8931
utgift,Helse og omsorg,Øvrig helse og omsorg,760,Kommunale helse- og omsorgstjenester,63,Investeringstilskudd til heldøgns omsorgsplasser,2.9255,2.5731
utgift,Helse og omsorg,Øvrig helse og omsorg,760,Kommunale helse- og omsorgstjenester,64,Kompensasjon for renter og avdrag,0.892,0.9212
utgift,Helse og omsorg,Øvrig helse og omsorg,760,Kommunale helse- og omsorgstjenester,70,Tilskudd,0.3558,0.4315
utgift,Helse og omsorg,Øvrig helse og omsorg,760,Kommunale helse- og omsorgstjenester,71,"Kompetanse-, forsknings- og rekrutteringstiltak",0.2735,0.3276
utgift,Helse og omsorg,Øvrig helse og omsorg,760,Kommunale helse- og omsorgstjenester,72,Aldersvennlige boliger,0.0906,0.089
utgift,Helse og omsorg,Øvrig helse og omsorg,765,"Psykisk helse, rus og vold",21,Spesielle driftsutgifter,0.165,0.2056
utgift,Helse og omsorg,Øvrig helse og omsorg,765,"Psykisk helse, rus og vold",60,Kommunale tjenester,0.5182,0.4409
utgift,Helse og omsorg,Øvrig helse og omsorg,765,"Psykisk helse, rus og vold",71,Brukere og pårørende,0.1517,0.1517
utgift,Helse og omsorg,Øvrig helse og omsorg,765,"Psykisk helse, rus og vold",72,Frivillig arbeid mv.,0.6541,0.6541
utgift,Helse og omsorg,Øvrig helse og omsorg,765,"Psykisk helse, rus og vold",73,Utviklingstiltak mv.,0.1476,0.1486
utgift,Helse og omsorg,Øvrig helse og omsorg,765,"Psykisk helse, rus og vold",74,Kompetansesentre,0.313,0.4124
utgift,Helse og omsorg,Øvrig helse og omsorg,765,"Psykisk helse, rus og vold",75,Vold og traumatisk stress,0.194,0.3185
utgift,Helse og omsorg,Øvrig helse og omsorg,765,"Psykisk helse, rus og vold",79,Andre tilskudd,0.0072,
utgift,Helse og omsorg,Øvrig helse og omsorg,770,Tannhelsetjenester,21,Spesielle driftsutgifter,0.0035,0.0064
utgift,Helse og omsorg,Øvrig helse og omsorg,770,Tannhelsetjenester,70,Tilskudd,0.4989,0.4534
utgift,Helse og omsorg,Øvrig helse og omsorg,780,Forskning,70,Norges forskningsråd,0.4213,0.4467
utgift,Helse og omsorg,Øvrig helse og omsorg,781,Forsøk og utvikling mv.,21,Spesielle driftsutgifter,0.0379,0.0187
utgift,Helse og omsorg,Øvrig helse og omsorg,781,Forsøk og utvikling mv.,79,Tilskudd,0.0673,0.0652
utgift,Helse og omsorg,Øvrig helse og omsorg,783,Personell,21,Spesielle driftsutgifter,0.0427,0.0439
utgift,Helse og omsorg,Øvrig helse og omsorg,783,Personell,61,Tilskudd til kommuner,0.3215,0.3152
utgift,Helse og omsorg,Øvrig helse og omsorg,783,Personell,79,Andre tilskudd,0.018,0.0294
utgift,"Arbeid, familie og integrering",Øvrig arbeid og familie,800,Barne- og familiedepartementet,1,Driftsutgifter,0.186,0.1821
utgift,"Arbeid, familie og integrering",Øvrig arbeid og familie,800,Barne- og familiedepartementet,21,Spesielle driftsutgifter,0.0113,0.0109
utgift,"Arbeid, familie og integrering",Øvrig arbeid og familie,800,Barne- og familiedepartementet,70,Norges forskningsråd,0.0534,0.0505
utgift,"Arbeid, familie og integrering",Familie og oppvekst,840,Tiltak mot vold og overgrep,21,Spesielle driftsutgifter,0.032,0.0305
utgift,"Arbeid, familie og integrering",Familie og oppvekst,840,Tiltak mot vold og overgrep,60,Tilskudd til oppgradering av krisesenterbygg,0.0215,0.0207
utgift,"Arbeid, familie og integrering",Familie og oppvekst,840,Tiltak mot vold og overgrep,61,Tilskudd til incest- og voldtektssentre,0.1378,0.1328
utgift,"Arbeid, familie og integrering",Familie og oppvekst,840,Tiltak mot vold og overgrep,70,Tilskudd til voldsforebyggende tiltak mv.,0.1646,0.1639
utgift,"Arbeid, familie og integrering",Familie og oppvekst,840,Tiltak mot vold og overgrep,73,Tilskudd til senter for voldsutsatte barn,0.0438,0.0422
utgift,"Arbeid, familie og integrering",Familie og oppvekst,841,Samliv og konfliktløsning,22,"Opplæring, forskning, utvikling mv.",0.0041,0.0069
utgift,"Arbeid, familie og integrering",Familie og oppvekst,841,Samliv og konfliktløsning,23,Refusjon av utgifter til DNA-analyser,0.0042,0.0065
utgift,"Arbeid, familie og integrering",Familie og oppvekst,842,Familievern og mekling,1,Driftsutgifter,0.4469,0.4376
utgift,"Arbeid, familie og integrering",Familie og oppvekst,842,Familievern og mekling,21,Spesielle driftsutgifter,0.0421,0.0389
utgift,"Arbeid, familie og integrering",Familie og oppvekst,842,Familievern og mekling,22,"Spesielle driftsutgifter, meklingsgodtgjørelse",0.0206,
utgift,"Arbeid, familie og integrering",Familie og oppvekst,842,Familievern og mekling,70,Tilskudd til kirkens familieverntjeneste mv.,0.296,0.2854
utgift,"Arbeid, familie og integrering",Familie og oppvekst,843,Adopsjonsstøtte,70,Tilskudd til foreldre som adopterer barn fra utlandet,0.0014,0.0043
utgift,"Arbeid, familie og integrering",Familie og oppvekst,844,Kontantstøtte,70,Tilskudd,0.739,0.7246
utgift,"Arbeid, familie og integrering",Familie og oppvekst,845,Barnetrygd,70,Tilskudd,30.06,29.7
utgift,"Arbeid, familie og integrering",Familie og oppvekst,846,Familie- og oppveksttiltak,21,Spesielle driftsutgifter,0.0567,0.0592
utgift,"Arbeid, familie og integrering",Familie og oppvekst,846,Familie- og oppveksttiltak,22,Forskning,0.0215,0.0168
utgift,"Arbeid, familie og integrering",Familie og oppvekst,846,Familie- og oppveksttiltak,62,Utvikling i kommunene,0.1113,0.153
utgift,"Arbeid, familie og integrering",Familie og oppvekst,846,Familie- og oppveksttiltak,63,Kommunalt forebyggingsprogram for barn og unge,1.0247,0.5198
utgift,"Arbeid, familie og integrering",Familie og oppvekst,846,Familie- og oppveksttiltak,70,Barne- og ungdomsorganisasjoner,0.2361,0.221
utgift,"Arbeid, familie og integrering",Familie og oppvekst,846,Familie- og oppveksttiltak,71,Utviklings- og opplysningsarbeid mv.,0.0085,0.0082
utgift,"Arbeid, familie og integrering",Familie og oppvekst,846,Familie- og oppveksttiltak,72,Tilskudd til å inkludere barn og unge,0.4943,
utgift,"Arbeid, familie og integrering",Familie og oppvekst,846,Familie- og oppveksttiltak,79,Tilskudd til internasjonalt ungdomssamarbeid mv.,0.0131,0.0128
utgift,"Arbeid, familie og integrering",Familie og oppvekst,847,EUs ungdomsprogram,1,Driftsutgifter,0.0186,0.018
utgift,"Arbeid, familie og integrering",Familie og oppvekst,848,Barneombudet,1,Driftsutgifter,0.0281,0.0258
utgift,"Arbeid, familie og integrering",Barnevern,853,Barneverns- og helsenemndene,1,Driftsutgifter,0.2859,0.2726
utgift,"Arbeid, familie og integrering",Barnevern,854,Tiltak i barne- og ungdomsvernet,21,Spesielle driftsutgifter,0.0568,0.0564
utgift,"Arbeid, familie og integrering",Barnevern,854,Tiltak i barne- og ungdomsvernet,22,Barnesakkyndig kommisjon,0.0149,0.0144
utgift,"Arbeid, familie og integrering",Barnevern,854,Tiltak i barne- og ungdomsvernet,23,Kompetansehevingstiltak i barnevernet,0.0717,0.0653
utgift,"Arbeid, familie og integrering",Barnevern,854,Tiltak i barne- og ungdomsvernet,45,Større utstyrsanskaffelser og vedlikehold,0.0354,0.0313
utgift,"Arbeid, familie og integrering",Barnevern,854,Tiltak i barne- og ungdomsvernet,61,Utvikling i kommunene,0.2008,0.2037
utgift,"Arbeid, familie og integrering",Barnevern,854,Tiltak i barne- og ungdomsvernet,71,Utvikling og opplysningsarbeid mv.,0.0415,0.0405
utgift,"Arbeid, familie og integrering",Barnevern,854,Tiltak i barne- og ungdomsvernet,72,Tilskudd til forskning og kompetanseutvikling i barnevernet,0.1677,0.1513
utgift,"Arbeid, familie og integrering",Barnevern,855,Statlig forvaltning av barnevernet,1,Driftsutgifter,5.4633,5.0688
utgift,"Arbeid, familie og integrering",Barnevern,855,Statlig forvaltning av barnevernet,21,Spesielle driftsutgifter,0.0354,0.0342
utgift,"Arbeid, familie og integrering",Barnevern,855,Statlig forvaltning av barnevernet,22,Kjøp av private barnevernstjenester,5.495,4.8293
utgift,"Arbeid, familie og integrering",Barnevern,856,"Barnevernets omsorgssenter for enslige, mindreårige asylsøkere",1,Driftsutgifter,0.1875,0.1814
utgift,"Arbeid, familie og integrering",Barnevern,856,"Barnevernets omsorgssenter for enslige, mindreårige asylsøkere",22,Kjøp av plasser i private omsorgssentre,0.2062,0.2724
utgift,"Arbeid, familie og integrering",Barnevern,858,"Barne-, ungdoms- og familiedirektoratet",1,Driftsutgifter,0.7282,0.6981
utgift,"Arbeid, familie og integrering",Barnevern,858,"Barne-, ungdoms- og familiedirektoratet",21,Spesielle driftsutgifter,0.0244,0.0235
utgift,"Arbeid, familie og integrering",Øvrig arbeid og familie,860,Forbrukerrådet,50,Basisbevilgning,0.1396,0.1015
utgift,"Arbeid, familie og integrering",Øvrig arbeid og familie,862,Stiftelsen Miljømerking i Norge,70,Driftstilskudd,0.0185,0.0178
utgift,"Arbeid, familie og integrering",Øvrig arbeid og familie,865,Forbrukerpolitiske tiltak,21,Spesielle driftsutgifter,0.0019,0.003
utgift,"Arbeid, familie og integrering",Øvrig arbeid og familie,865,Forbrukerpolitiske tiltak,50,Forskning og undervisning,0.0092,0.0089
utgift,"Arbeid, familie og integrering",Øvrig arbeid og familie,865,Forbrukerpolitiske tiltak,70,Tilskudd,0.0044,0.004
utgift,"Arbeid, familie og integrering",Øvrig arbeid og familie,865,Forbrukerpolitiske tiltak,79,EUs rammeprogram for forbrukerpolitikk,0.0084,0.0081
utgift,"Arbeid, familie og integrering",Øvrig arbeid og familie,868,Forbrukertilsynet,1,Driftsutgifter,0.1465,0.1582
utgift,"Arbeid, familie og integrering",Øvrig arbeid og familie,868,Forbrukertilsynet,21,Spesielle driftsutgifter,0.015,
utgift,"Arbeid, familie og integrering",Øvrig arbeid og familie,880,Den norske kirke,70,Rammetilskudd til Den norske kirke,2.8554,2.7564
utgift,"Arbeid, familie og integrering",Øvrig arbeid og familie,880,Den norske kirke,71,Tilskudd til Sjømannskirken - Norsk kirke i utlandet,0.134,0.1292
utgift,"Arbeid, familie og integrering",Øvrig arbeid og familie,881,Tilskudd til trossamfunn m.m.,21,Spesielle driftsutgifter,0.0214,0.0178
utgift,"Arbeid, familie og integrering",Øvrig arbeid og familie,881,Tilskudd til trossamfunn m.m.,70,Tilskudd til tros- og livssynssamfunn,1.3687,1.2845
utgift,"Arbeid, familie og integrering",Øvrig arbeid og familie,881,Tilskudd til trossamfunn m.m.,77,Nasjonaljubileet 2030,0.0123,0.009
utgift,"Arbeid, familie og integrering",Øvrig arbeid og familie,881,Tilskudd til trossamfunn m.m.,78,Ymse faste tiltak,0.0257,0.0248
utgift,"Arbeid, familie og integrering",Øvrig arbeid og familie,882,Kirkebygg og gravplasser,60,Rentekompensasjon - kirkebygg,0.0842,0.0966
utgift,"Arbeid, familie og integrering",Øvrig arbeid og familie,882,Kirkebygg og gravplasser,70,Tilskudd til sentrale tiltak for kirkebygg og gravplasser,0.0155,0.0149
utgift,"Arbeid, familie og integrering",Øvrig arbeid og familie,883,Kirkebevaringsfondet,1,Driftsutgifter,0.0189,0.0179
utgift,"Arbeid, familie og integrering",Øvrig arbeid og familie,883,Kirkebevaringsfondet,60,Tilskudd til kulturhistorisk verdifulle kirkebygg,0.5274,0.4
utgift,"Arbeid, familie og integrering",Øvrig arbeid og familie,883,Kirkebevaringsfondet,70,Driftstilskudd bevaringsstrategi,0.0081,0.0083
utgift,Øvrige formål,Næring og fiskeri,900,Nærings- og fiskeridepartementet,1,Driftsutgifter,0.5508,0.5465
utgift,Øvrige formål,Næring og fiskeri,900,Nærings- og fiskeridepartementet,21,Spesielle driftsutgifter,0.0895,0.0756
utgift,Øvrige formål,Næring og fiskeri,900,Nærings- og fiskeridepartementet,22,Nukleære utredninger og prosjektledelse,0.0079,0.0076
utgift,Øvrige formål,Næring og fiskeri,900,Nærings- og fiskeridepartementet,23,Spesielle driftsutgifter til administrasjon av statlig garantiordning for lån til små og mellomstore bedrifter,0.002,0.0042
utgift,Øvrige formål,Næring og fiskeri,900,Nærings- og fiskeridepartementet,25,Drift og forvaltning av kompensasjonsordninger,0.0094,0.0121
utgift,Øvrige formål,Næring og fiskeri,900,Nærings- og fiskeridepartementet,26,Forvaltning av grunneiendom på Svalbard,0.0114,0.0111
utgift,Øvrige formål,Næring og fiskeri,900,Nærings- og fiskeridepartementet,32,Nytt sjøfibersamband til Svalbard og Jan Mayen,0.8078,0.7805
utgift,Øvrige formål,Næring og fiskeri,900,Nærings- og fiskeridepartementet,51,Tilskudd til Senter for hav og Arktis,0.0066,0.0063
utgift,Øvrige formål,Næring og fiskeri,900,Nærings- og fiskeridepartementet,70,Tilskudd til internasjonale organisasjoner,0.0686,0.065
utgift,Øvrige formål,Næring og fiskeri,900,Nærings- og fiskeridepartementet,71,Miljøtiltak Raufoss,0.012,0.0048
utgift,Øvrige formål,Næring og fiskeri,900,Nærings- og fiskeridepartementet,72,Tilskudd til skipsfartsberedskap,0.0045,0.0044
utgift,Øvrige formål,Næring og fiskeri,900,Nærings- og fiskeridepartementet,73,Tilskudd til entreprenørskapsfremmende aktiviteter for ungdom,0.0378,0.0365
utgift,Øvrige formål,Næring og fiskeri,900,Nærings- og fiskeridepartementet,74,Tilskudd til Visit Svalbard AS,0.0039,0.0037
utgift,Øvrige formål,Næring og fiskeri,900,Nærings- og fiskeridepartementet,75,Tilskudd til særskilte prosjekter,0.0287,0.0291
utgift,Øvrige formål,Næring og fiskeri,900,Nærings- og fiskeridepartementet,76,Tilskudd til Standard Norge,0.0524,0.0506
utgift,Øvrige formål,Næring og fiskeri,900,Nærings- og fiskeridepartementet,77,Tilskudd til tiltak for økt sjømatkonsum,0.0037,0.0035
utgift,Øvrige formål,Næring og fiskeri,900,Nærings- og fiskeridepartementet,78,Tilskuddsordning - kompetansemiljø for havvind,0.01,
utgift,Øvrige formål,Næring og fiskeri,900,Nærings- og fiskeridepartementet,81,Tilskudd til Leverandørutviklingsprogrammet,0.0056,0.0054
utgift,Øvrige formål,Næring og fiskeri,901,Havbunns- og kystkartlegging,21,Spesielle driftsutgifter - Mareano-programmet,0.0309,0.0298
utgift,Øvrige formål,Næring og fiskeri,901,Havbunns- og kystkartlegging,22,Spesielle driftsutgifter - kystkartlegging,0.0332,0.022
utgift,Øvrige formål,Næring og fiskeri,902,Justervesenet,1,Driftsutgifter,0.1727,0.1599
utgift,Øvrige formål,Næring og fiskeri,902,Justervesenet,21,Spesielle driftsutgifter,0.094,
utgift,Øvrige formål,Næring og fiskeri,902,Justervesenet,45,Større utstyrsanskaffelser og vedlikehold,0.0118,0.0114
utgift,Øvrige formål,Næring og fiskeri,903,Norsk akkreditering,1,Driftsutgifter,0.0948,0.0891
utgift,Øvrige formål,Næring og fiskeri,904,Brønnøysundregistrene,1,Driftsutgifter,0.6244,0.6108
utgift,Øvrige formål,Næring og fiskeri,904,Brønnøysundregistrene,45,Større utstyrsanskaffelser og vedlikehold,0.2035,0.2152
utgift,Øvrige formål,Næring og fiskeri,905,Norges geologiske undersøkelse,1,Driftsutgifter,0.2148,0.2044
utgift,Øvrige formål,Næring og fiskeri,905,Norges geologiske undersøkelse,21,Spesielle driftsutgifter,0.0521,0.0839
utgift,Øvrige formål,Næring og fiskeri,906,Direktoratet for mineralforvaltning med Bergmesteren for Svalbard,1,Driftsutgifter,0.0762,0.0741
utgift,Øvrige formål,Næring og fiskeri,906,Direktoratet for mineralforvaltning med Bergmesteren for Svalbard,30,Sikrings- og miljøtiltak,0.014,0.0135
utgift,Øvrige formål,Næring og fiskeri,906,Direktoratet for mineralforvaltning med Bergmesteren for Svalbard,31,Miljøtiltak Løkken,0.021,0.019
utgift,Øvrige formål,Næring og fiskeri,906,Direktoratet for mineralforvaltning med Bergmesteren for Svalbard,32,Miljøtiltak Folldal,0.0279,0.065
utgift,Øvrige formål,Næring og fiskeri,907,Norsk nukleær dekommisjonering,1,Driftsutgifter,0.5072,0.4511
utgift,Øvrige formål,Næring og fiskeri,907,Norsk nukleær dekommisjonering,21,Spesielle driftsutgifter,0.5398,0.53
utgift,Øvrige formål,Næring og fiskeri,907,Norsk nukleær dekommisjonering,30,Opprydding Søve,0.0362,0.0642
utgift,Øvrige formål,Næring og fiskeri,907,Norsk nukleær dekommisjonering,60,Tilskudd til kommuner,0.006,0.0058
utgift,Øvrige formål,Næring og fiskeri,907,Norsk nukleær dekommisjonering,70,Tilskudd til organisasjoner,0.0018,0.0017
utgift,Øvrige formål,Næring og fiskeri,908,Institutt for energiteknikk,70,Tilskudd til drift av atomanlegg,0.4389,0.3248
utgift,Øvrige formål,Næring og fiskeri,909,Tiltak for sysselsetting av sjøfolk,73,Tilskudd til sysselsetting av sjøfolk,2.575,2.48
utgift,Øvrige formål,Næring og fiskeri,910,Sjøfartsdirektoratet,1,Driftsutgifter,0.5639,0.5449
utgift,Øvrige formål,Næring og fiskeri,911,Konkurransetilsynet,1,Driftsutgifter,0.1556,0.1514
utgift,Øvrige formål,Næring og fiskeri,911,Konkurransetilsynet,70,Tilskudd til konkurransefaglig forskning,0.0024,0.0023
utgift,Øvrige formål,Næring og fiskeri,912,Klagenemndssekretariatet,1,Driftsutgifter,0.0554,0.053
utgift,Øvrige formål,Næring og fiskeri,916,Kystverket,1,Driftsutgifter,1.2958,1.2193
utgift,Øvrige formål,Næring og fiskeri,916,Kystverket,21,Spesielle driftsutgifter,0.0421,0.0906
utgift,Øvrige formål,Næring og fiskeri,916,Kystverket,22,Driftsutgifter brukerfinansierte tjenester,1.3173,1.2664
utgift,Øvrige formål,Næring og fiskeri,916,Kystverket,30,Nyanlegg og større vedlikehold,1.4132,0.6166
utgift,Øvrige formål,Næring og fiskeri,916,Kystverket,45,Større utstyrsanskaffelser og vedlikehold,0.1719,0.2071
utgift,Øvrige formål,Næring og fiskeri,916,Kystverket,46,Større utstyrsanskaffelser og brukerfinansierte tjenester,0.0221,0.0213
utgift,Øvrige formål,Næring og fiskeri,916,Kystverket,60,Tilskudd til fiskerihavneanlegg,0.0867,0.0835
utgift,Øvrige formål,Næring og fiskeri,916,Kystverket,71,Tilskudd til effektive og miljøvennlige havner,0.1382,0.1333
utgift,Øvrige formål,Næring og fiskeri,917,Fiskeridirektoratet,1,Driftsutgifter,0.553,0.5352
utgift,Øvrige formål,Næring og fiskeri,917,Fiskeridirektoratet,22,Fiskeriforskning og -overvåking,0.1745,0.1457
utgift,Øvrige formål,Næring og fiskeri,917,Fiskeridirektoratet,23,Prisråd for havbruk,0.0201,0.0179
utgift,Øvrige formål,Næring og fiskeri,919,Diverse fiskeriformål,60,Tilskudd til kommuner og fylkeskommuner,1.552,1.5632
utgift,Øvrige formål,Næring og fiskeri,919,Diverse fiskeriformål,61,Tilskudd til kommunale ungdomsfiskeprosjekt,0.0024,0.0023
utgift,Øvrige formål,Næring og fiskeri,919,Diverse fiskeriformål,71,Tilskudd til velferdsstasjoner,0.003,0.0028
utgift,Øvrige formål,Næring og fiskeri,919,Diverse fiskeriformål,73,Tilskudd til kompensasjon for CO2-avgift,0.475,0.6404
utgift,Øvrige formål,Næring og fiskeri,919,Diverse fiskeriformål,74,Erstatninger,0.0019,0.0019
utgift,Øvrige formål,Næring og fiskeri,919,Diverse fiskeriformål,75,Tilskudd til næringstiltak i fiskeriene,0.0233,0.0388
utgift,Øvrige formål,Næring og fiskeri,919,Diverse fiskeriformål,76,Tilskudd til fiskeriforskning,0.01,0.0083
utgift,Øvrige formål,Næring og fiskeri,920,Norges forskningsråd,70,Tilskudd til næringsrettet forskning,1.1688,1.2201
utgift,Øvrige formål,Næring og fiskeri,920,Norges forskningsråd,71,Grunnbevilgning til teknisk-industrielle institutter,0.5944,0.5732
utgift,Øvrige formål,Næring og fiskeri,920,Norges forskningsråd,72,Tilskudd til marin og maritim forskning,0.4852,0.5177
utgift,Øvrige formål,Næring og fiskeri,920,Norges forskningsråd,73,Grunnbevilgning til primærnæringsinstitutter,0.1381,0.1375
utgift,Øvrige formål,Næring og fiskeri,922,Romvirksomhet,50,Direktoratet for romvirksomhet,0.115,0.1109
utgift,Øvrige formål,Næring og fiskeri,922,Romvirksomhet,70,Kontingent i European Space Agency (ESA),0.2904,0.2734
utgift,Øvrige formål,Næring og fiskeri,922,Romvirksomhet,71,Internasjonal romvirksomhet,0.8813,0.713
utgift,Øvrige formål,Næring og fiskeri,922,Romvirksomhet,72,Nasjonale følgemidler,0.0244,0.0236
utgift,Øvrige formål,Næring og fiskeri,922,Romvirksomhet,73,EUs romprogrammer,0.7689,0.6865
utgift,Øvrige formål,Næring og fiskeri,922,Romvirksomhet,74,Nasjonal infrastruktur og tekniske aktiviteter,0.1459,0.1434
utgift,Øvrige formål,Næring og fiskeri,922,Romvirksomhet,75,Tilskuddsordning tilknyttet nasjonalt senter for jordobservasjon i Tromsø,0.005,0.0051
utgift,Øvrige formål,Næring og fiskeri,923,Havforskningsinstituttet,1,Driftsutgifter,0.8884,0.9003
utgift,Øvrige formål,Næring og fiskeri,923,Havforskningsinstituttet,21,Spesielle driftsutgifter,0.5102,0.492
utgift,Øvrige formål,Næring og fiskeri,923,Havforskningsinstituttet,22,Fiskeriforskning og -overvåking,0.3143,0.2624
utgift,Øvrige formål,Næring og fiskeri,923,Havforskningsinstituttet,23,Oppdragsutgifter forskningsfartøy,0.3308,0.319
utgift,Øvrige formål,Næring og fiskeri,923,Havforskningsinstituttet,45,Større utstyrsanskaffelser og vedlikehold,0.04,
utgift,Øvrige formål,Næring og fiskeri,924,Internasjonale samarbeidsprogrammer,70,Tilskudd,0.1994,0.4056
utgift,Øvrige formål,Næring og fiskeri,928,Annen marin forskning og utvikling,50,Tilskudd til Veterinærinstituttet,0.0837,0.081
utgift,Øvrige formål,Næring og fiskeri,928,Annen marin forskning og utvikling,70,Tilskudd til samarbeidsprosjekter,0.0095,0.0052
utgift,Øvrige formål,Næring og fiskeri,928,Annen marin forskning og utvikling,72,Tilskudd til Nofima AS,0.1069,0.1081
utgift,Øvrige formål,Næring og fiskeri,930,Design og arkitektur Norge,70,Tilskudd,0.0103,0.0195
utgift,Øvrige formål,Næring og fiskeri,935,Patentstyret,1,Driftsutgifter,0.3828,0.374
utgift,Øvrige formål,Næring og fiskeri,936,Klagenemnda for industrielle rettigheter,1,Driftsutgifter,0.01,0.0097
utgift,Øvrige formål,Næring og fiskeri,940,Internasjonaliseringstiltak,21,Spesielle driftsutgifter,0.0249,0.0175
utgift,Øvrige formål,Næring og fiskeri,940,Internasjonaliseringstiltak,70,Eksportfremmetiltak,0.04,
utgift,Øvrige formål,Næring og fiskeri,940,Internasjonaliseringstiltak,71,Tilskudd til næringsfremme,0.0134,
utgift,Øvrige formål,Næring og fiskeri,950,Forvaltning av statlig eierskap,21,Spesielle driftsutgifter,0.0331,0.0331
utgift,Øvrige formål,Næring og fiskeri,951,Store Norske Spitsbergen Kulkompani AS,70,Tilskudd til overvåkingsprogram,0.0005,0.0005
utgift,Øvrige formål,Næring og fiskeri,951,Store Norske Spitsbergen Kulkompani AS,71,Tilskudd til energitiltak,0.1984,0.192
utgift,Øvrige formål,Næring og fiskeri,952,Investinor AS,70,Forvaltningskostnader for særskilte oppdrag,0.0084,0.0084
utgift,Øvrige formål,Næring og fiskeri,954,Petoro AS,70,Tilskudd til administrasjon,0.4713,0.4538
utgift,Øvrige formål,Landbruk og mat,1100,Landbruks- og matdepartementet,1,Driftsutgifter,0.1958,0.192
utgift,Øvrige formål,Landbruk og mat,1100,Landbruks- og matdepartementet,21,Spesielle driftsutgifter,0.0213,0.0206
utgift,Øvrige formål,Landbruk og mat,1100,Landbruks- og matdepartementet,45,Større utstyrsanskaffelser og vedlikehold - ordinære forvaltningsorganer,0.0031,0.003
utgift,Øvrige formål,Landbruk og mat,1100,Landbruks- og matdepartementet,50,Større utstyrsanskaffelser og vedlikehold - forvaltningsorganer med særskilte fullmakter,0.0003,0.0003
utgift,Øvrige formål,Landbruk og mat,1115,Mattilsynet,1,Driftsutgifter,1.7724,1.6819
utgift,Øvrige formål,Landbruk og mat,1115,Mattilsynet,22,Reguleringspremie til kommunale og fylkeskommunale pensjonskasser,0.0156,0.015
utgift,Øvrige formål,Landbruk og mat,1115,Mattilsynet,71,Tilskudd til erstatninger,0.0042,0.0042
utgift,Øvrige formål,Landbruk og mat,1135,Veterinærinstituttet,50,"Kunnskapsutvikling, formidling og beredskap",0.1163,0.1185
utgift,Øvrige formål,Landbruk og mat,1136,Norsk institutt for bioøkonomi,50,"Kunnskapsutvikling, formidling og beredskap",0.2786,0.28
utgift,Øvrige formål,Landbruk og mat,1137,Forskning og innovasjon,54,Næringsrettet matforskning m.m.,0.26,0.245
utgift,Øvrige formål,Landbruk og mat,1137,Forskning og innovasjon,70,Innovasjonsaktivitet m.m.,0.0031,0.003
utgift,Øvrige formål,Landbruk og mat,1137,Forskning og innovasjon,71,Forskningsaktivitet - Norges forskningsråd,0.1905,0.1982
utgift,Øvrige formål,Landbruk og mat,1137,Forskning og innovasjon,72,Grunnbevilgninger til forskningsinstitutt - Norges forskningsråd,0.216,0.2083
utgift,Øvrige formål,Landbruk og mat,1138,Støtte til organisasjoner m.m.,70,Støtte til organisasjoner,0.0533,0.0515
utgift,Øvrige formål,Landbruk og mat,1138,Støtte til organisasjoner m.m.,71,Internasjonalt skogpolitisk samarbeid - organisasjoner og prosesser,0.0008,0.001
utgift,Øvrige formål,Landbruk og mat,1138,Støtte til organisasjoner m.m.,72,Stiftelsen Norsk senter for økologisk landbruk,0.0058,0.0094
utgift,Øvrige formål,Landbruk og mat,1138,Støtte til organisasjoner m.m.,73,Nasjonalt senter for fjellandbruk,0.0045,0.0044
utgift,Øvrige formål,Landbruk og mat,1138,Støtte til organisasjoner m.m.,75,Dyrsku'n,0.0012,0.0012
utgift,Øvrige formål,Landbruk og mat,1139,"Genressurser, miljø- og ressursregistreringer",21,Spesielle driftsutgifter - Svalbard globale frøhvelv,0.0127,0.0123
utgift,Øvrige formål,Landbruk og mat,1139,"Genressurser, miljø- og ressursregistreringer",50,Miljøregistreringer i skog,0.0051,0.0049
utgift,Øvrige formål,Landbruk og mat,1139,"Genressurser, miljø- og ressursregistreringer",70,"Tilskudd til bevaring og bærekraftig bruk av husdyr-, plante- og skogtregenetiske ressurser",0.0079,0.0076
utgift,Øvrige formål,Landbruk og mat,1139,"Genressurser, miljø- og ressursregistreringer",71,Tilskudd til genressursforvaltning og miljøtiltak,0.01,0.0097
utgift,Øvrige formål,Landbruk og mat,1140,Høstbare viltressurser - forvaltning og tilskudd til viltformål (Viltfondet) m.m.,1,Driftsutgifter,0.0149,0.0141
utgift,Øvrige formål,Landbruk og mat,1140,Høstbare viltressurser - forvaltning og tilskudd til viltformål (Viltfondet) m.m.,21,Spesielle driftsutgifter,0.0349,0.0332
utgift,Øvrige formål,Landbruk og mat,1140,Høstbare viltressurser - forvaltning og tilskudd til viltformål (Viltfondet) m.m.,71,Tilskudd til viltformål,0.0406,0.0386
utgift,Øvrige formål,Landbruk og mat,1141,"Høstbare viltressurser - jegerprøve, tilskudd til organisasjoner m.m.",23,Jegerprøve m.m.,0.0051,0.0049
utgift,Øvrige formål,Landbruk og mat,1141,"Høstbare viltressurser - jegerprøve, tilskudd til organisasjoner m.m.",75,Organisasjoner - høstbare viltressurser,0.009,0.0087
utgift,Øvrige formål,Landbruk og mat,1142,Landbruksdirektoratet,1,Driftsutgifter,0.3166,0.3178
utgift,Øvrige formål,Landbruk og mat,1142,Landbruksdirektoratet,21,Spesielle driftsutgifter - Beredskapslagring av korn,0.0876,0.0815
utgift,Øvrige formål,Landbruk og mat,1142,Landbruksdirektoratet,45,Større utstyrsanskaffelser og vedlikehold,0.0136,0.0132
utgift,Øvrige formål,Landbruk og mat,1142,Landbruksdirektoratet,50,Arealressurskart,0.0082,0.008
utgift,Øvrige formål,Landbruk og mat,1142,Landbruksdirektoratet,60,Tilskudd til veterinærdekning,0.2355,0.207
utgift,Øvrige formål,Landbruk og mat,1142,Landbruksdirektoratet,61,Tilskudd til skrantesykeprøver fra fallvilt,0.0014,0.0013
utgift,Øvrige formål,Landbruk og mat,1142,Landbruksdirektoratet,70,Tilskudd til fjellstuer,0.0009,0.0009
utgift,Øvrige formål,Landbruk og mat,1142,Landbruksdirektoratet,71,Tiltak for bærekraftig reindrift,0.0061,0.0059
utgift,Øvrige formål,Landbruk og mat,1142,Landbruksdirektoratet,72,Erstatninger ved ekspropriasjon og leie av rett til reinbeite,0.0007,0.0006
utgift,Øvrige formål,Landbruk og mat,1142,Landbruksdirektoratet,73,Tilskudd til erstatninger m.m. etter offentlige pålegg i plante- og husdyrproduksjon,0.0556,0.0556
utgift,Øvrige formål,Landbruk og mat,1142,Landbruksdirektoratet,74,Kompensasjon til dyreeiere som blir pålagt beitenekt,0.0005,0.0005
utgift,Øvrige formål,Landbruk og mat,1142,Landbruksdirektoratet,75,Støtte til jordbruks- og veksthusnæringen for ekstraordinære strømutgifter,0.2722,0.079
utgift,Øvrige formål,Landbruk og mat,1142,Landbruksdirektoratet,77,Tilskudd til kompensasjon ved avvikling av pelsdyrhold,0.01,0.05
utgift,Øvrige formål,Landbruk og mat,1142,Landbruksdirektoratet,79,Tilskudd til reindriften for andel av verdiskaping fra vindkraft,0.006,0.0063
utgift,Øvrige formål,Landbruk og mat,1142,Landbruksdirektoratet,80,Beredskapslager matmel,0.001,
utgift,Øvrige formål,Landbruk og mat,1142,Landbruksdirektoratet,83,Tiltak for sameksistens mellom reindrift og jordbruk,0.015,0.02
utgift,Øvrige formål,Landbruk og mat,1142,Landbruksdirektoratet,84,Tilskudd til mentorordningen for veterinærer,0.006,
utgift,Øvrige formål,Landbruk og mat,1148,Naturskade - erstatninger,71,Naturskade - erstatninger,0.1343,0.1731
utgift,Øvrige formål,Landbruk og mat,1149,Verdiskapings- og utviklingstiltak i landbruket,60,Flaskehalsprosjekter for veier for skogbruket,0.0105,
utgift,Øvrige formål,Landbruk og mat,1149,Verdiskapings- og utviklingstiltak i landbruket,71,Tilskudd til verdiskapingstiltak i skogbruket,0.0268,0.0379
utgift,Øvrige formål,Landbruk og mat,1149,Verdiskapings- og utviklingstiltak i landbruket,73,Tilskudd til skog- og klimatiltak,0.0578,0.056
utgift,Øvrige formål,Landbruk og mat,1150,Til gjennomføring av jordbruksavtalen m.m.,21,Spesielle driftsutgifter,0.032,0.0392
utgift,Øvrige formål,Landbruk og mat,1150,Til gjennomføring av jordbruksavtalen m.m.,50,Tilskudd til Landbrukets utviklingsfond,2.9703,2.6403
utgift,Øvrige formål,Landbruk og mat,1150,Til gjennomføring av jordbruksavtalen m.m.,70,Markedstiltak,0.4078,0.3176
utgift,Øvrige formål,Landbruk og mat,1150,Til gjennomføring av jordbruksavtalen m.m.,71,Tilskudd ved produksjonssvikt,0.1324,0.1044
utgift,Øvrige formål,Landbruk og mat,1150,Til gjennomføring av jordbruksavtalen m.m.,72,Kompensasjon for tap - kadmium i løk,0.005,
utgift,Øvrige formål,Landbruk og mat,1150,Til gjennomføring av jordbruksavtalen m.m.,73,Pristilskudd,7.5056,6.6013
utgift,Øvrige formål,Landbruk og mat,1150,Til gjennomføring av jordbruksavtalen m.m.,74,Direkte tilskudd,19.5903,17.8864
utgift,Øvrige formål,Landbruk og mat,1150,Til gjennomføring av jordbruksavtalen m.m.,77,Utviklingstiltak,0.5208,0.4528
utgift,Øvrige formål,Landbruk og mat,1150,Til gjennomføring av jordbruksavtalen m.m.,78,Velferdsordninger,2.2564,2.0417
utgift,Øvrige formål,Landbruk og mat,1151,Til gjennomføring av reindriftsavtalen,51,Tilskudd til Reindriftens utviklingsfond,0.091,0.0818
utgift,Øvrige formål,Landbruk og mat,1151,Til gjennomføring av reindriftsavtalen,72,Tilskudd til organisasjonsarbeid,0.011,0.0105
utgift,Øvrige formål,Landbruk og mat,1151,Til gjennomføring av reindriftsavtalen,75,Kostnadssenkende og direkte tilskudd,0.1667,0.1533
utgift,Øvrige formål,Landbruk og mat,1151,Til gjennomføring av reindriftsavtalen,79,Velferdsordninger,0.0064,0.0044
utgift,Øvrige formål,Landbruk og mat,1152,Innovasjon Norge,70,Bionova - tilskudd til bioøkonomi og klimatiltak i jordbruket,0.205,0.185
utgift,Øvrige formål,Landbruk og mat,1152,Innovasjon Norge,81,Tilskudd til næringsmiddelbedrifter i Troms og Finnmark,0.0124,
utgift,Øvrige formål,Landbruk og mat,1161,Myndighetsoppgaver og sektorpolitiske oppgaver på statsgrunn,70,Tilskudd til Statskog SFs myndighetsoppgaver og sektorpolitiske oppgaver,0.0155,0.015
utgift,Øvrige formål,Landbruk og mat,1161,Myndighetsoppgaver og sektorpolitiske oppgaver på statsgrunn,75,Oppsyn i statsallmenninger,0.0176,0.0163
utgift,Samferdsel,Øvrig samferdsel,1300,Samferdselsdepartementet,1,Driftsutgifter,0.2071,0.2033
utgift,Samferdsel,Øvrig samferdsel,1300,Samferdselsdepartementet,21,Spesielle driftsutgifter,0.0133,0.0128
utgift,Samferdsel,Øvrig samferdsel,1300,Samferdselsdepartementet,70,Tilskudd til internasjonale organisasjoner,0.0349,0.043
utgift,Samferdsel,Øvrig samferdsel,1300,Samferdselsdepartementet,71,Tilskudd til trafikksikkerhetsformål mv.,0.0777,0.0749
utgift,Samferdsel,Øvrig samferdsel,1300,Samferdselsdepartementet,73,Tilskudd for å følge opp Barnas transportplan,0.0082,0.0079
utgift,Samferdsel,Øvrig samferdsel,1301,Forskning og utvikling mv.,70,Pilotprosjekter for utslippsfrie anleggsplasser,0.0295,0.0284
utgift,Samferdsel,Øvrig samferdsel,1301,Forskning og utvikling mv.,71,Norges forskningsråd,0.0634,0.0651
utgift,Samferdsel,Øvrig samferdsel,1301,Forskning og utvikling mv.,72,Norges forskningsråd - NTP-formål,0.0768,0.0686
utgift,Samferdsel,Øvrig samferdsel,1301,Forskning og utvikling mv.,73,Tilskudd til Innovasjon Norge,0.032,0.0363
utgift,Samferdsel,Øvrig samferdsel,1310,Flytransport,70,Kjøp av innenlandske flyruter,2.5831,2.4988
utgift,Samferdsel,Øvrig samferdsel,1313,Luftfartstilsynet,1,Driftsutgifter,0.3812,0.3531
utgift,Samferdsel,Øvrig samferdsel,1313,Luftfartstilsynet,21,Spesielle driftsutgifter,0.0104,0.01
utgift,Samferdsel,Øvrig samferdsel,1314,Statens havarikommisjon,1,Driftsutgifter,0.1094,0.1064
utgift,Samferdsel,Øvrig samferdsel,1315,Tilskudd til Avinor AS,71,Tilskudd til pålagte oppgaver,0.2307,1.9267
utgift,Samferdsel,Øvrig samferdsel,1315,Tilskudd til Avinor AS,72,Tilskudd til null- og lavutslippsluftfart,0.0415,0.04
utgift,Samferdsel,Vei,1320,Statens vegvesen,1,Driftsutgifter,5.3893,5.202
utgift,Samferdsel,Vei,1320,Statens vegvesen,22,Drift og vedlikehold av riksveier,11.9174,11.409
utgift,Samferdsel,Vei,1320,Statens vegvesen,28,Trafikant- og kjøretøytilsyn,2.6526,2.5856
utgift,Samferdsel,Vei,1320,Statens vegvesen,29,OPS-prosjekter,7.6238,8.648
utgift,Samferdsel,Vei,1320,Statens vegvesen,30,Riksveiinvesteringer,10.7207,9.067
utgift,Samferdsel,Vei,1320,Statens vegvesen,32,Fellesprosjektet Vossebanen/E16 Arna-Stanghelle,0.943,1.15
utgift,Samferdsel,Vei,1320,Statens vegvesen,61,Rentekompensasjon for transporttiltak i fylkene,0.3493,0.4
utgift,Samferdsel,Vei,1320,Statens vegvesen,67,Militær mobilitet på fylkesveier,0.0956,0.102
utgift,Samferdsel,Vei,1320,Statens vegvesen,68,Tilskudd for Tretten bru,0.0251,0.014
utgift,Samferdsel,Vei,1320,Statens vegvesen,72,Tilskudd til riksveiferjedriften,3.9393,3.9045
utgift,Samferdsel,Vei,1320,Statens vegvesen,73,Tilskudd for reduserte bompengetakster utenfor byområdene,0.7384,0.9058
utgift,Samferdsel,Vei,1321,Nye Veier AS,70,Tilskudd til Nye Veier AS,7.2571,6.9982
utgift,Samferdsel,Vei,1323,Vegtilsynet,1,Driftsutgifter,0.0244,0.0221
utgift,Samferdsel,Øvrig samferdsel,1330,Særskilte transporttiltak,60,Utvidet TT-ordning for brukere med særskilte behov,0.3774,0.3636
utgift,Samferdsel,Øvrig samferdsel,1330,Særskilte transporttiltak,62,Tilskudd til kollektivtransport,0.62,
utgift,Samferdsel,Øvrig samferdsel,1330,Særskilte transporttiltak,70,Kjøp av sjøtransporttjenester på strekningen Bergen-Kirkenes,1.3099,1.2383
utgift,Samferdsel,Øvrig samferdsel,1330,Særskilte transporttiltak,72,Pilotprosjekt for samordning av offentlig betalt transport,0.01,
utgift,Samferdsel,Øvrig samferdsel,1330,Særskilte transporttiltak,76,Reiseplanlegger og elektronisk billettering,0.2222,0.2143
utgift,Samferdsel,Øvrig samferdsel,1330,Særskilte transporttiltak,77,Kjøp av tjenester fra Entur AS,0.0237,0.0229
utgift,Samferdsel,Øvrig samferdsel,1330,Særskilte transporttiltak,78,Tettere samarbeid om data,0.0403,0.0389
utgift,Samferdsel,Øvrig samferdsel,1332,Transport i byområder mv.,63,Særskilt tilskudd til store kollektivprosjekter,1.7076,2.13
utgift,Samferdsel,Øvrig samferdsel,1332,Transport i byområder mv.,66,Tilskudd til byområder,4.7798,4.469
utgift,Samferdsel,Jernbane,1352,Jernbanedirektoratet,1,Driftsutgifter,0.4521,0.4244
utgift,Samferdsel,Jernbane,1352,Jernbanedirektoratet,21,Spesielle driftsutgifter - utredninger,0.1149,0.1357
utgift,Samferdsel,Jernbane,1352,Jernbanedirektoratet,70,Kjøp av persontransport med tog,5.5749,5.7098
utgift,Samferdsel,Jernbane,1352,Jernbanedirektoratet,71,Kjøp av infrastrukturtjenester - drift og vedlikehold,7.8872,7.509
utgift,Samferdsel,Jernbane,1352,Jernbanedirektoratet,72,Kjøp av infrastrukturtjenester - fornying og mindre investeringer,7.2493,7.8536
utgift,Samferdsel,Jernbane,1352,Jernbanedirektoratet,73,Kjøp av infrastrukturtjenester - investeringer,10.7001,8.7415
utgift,Samferdsel,Jernbane,1352,Jernbanedirektoratet,74,Tilskudd til togmateriell mv.,0.1202,0.1076
utgift,Samferdsel,Jernbane,1352,Jernbanedirektoratet,75,Tilskudd til godsoverføring fra vei til jernbane,0.1449,0.1397
utgift,Samferdsel,Jernbane,1352,Jernbanedirektoratet,76,Tilskudd til kulturminner i jernbanesektoren,0.044,0.0424
utgift,Samferdsel,Jernbane,1354,Statens jernbanetilsyn,1,Driftsutgifter,0.1275,0.1182
utgift,Samferdsel,Jernbane,1358,Norske tog AS,70,Lån,1.2006,0.8084
utgift,Samferdsel,Jernbane,1358,Norske tog AS,71,Egenkapitaltilskudd,0.1059,0.1136
utgift,Samferdsel,Øvrig samferdsel,1370,Posttjenester,70,Kjøp av posttjenester,1.5207,2.012
utgift,Øvrige formål,"Klima, miljø og energi",1400,Klima- og miljødepartementet,1,Driftsutgifter,0.3705,0.3672
utgift,Øvrige formål,"Klima, miljø og energi",1400,Klima- og miljødepartementet,21,Spesielle driftsutgifter,0.0664,0.0809
utgift,Øvrige formål,"Klima, miljø og energi",1400,Klima- og miljødepartementet,71,Internasjonale organisasjoner,0.1,0.1031
utgift,Øvrige formål,"Klima, miljø og energi",1400,Klima- og miljødepartementet,74,Tilskudd til AMAP,0.0128,0.0123
utgift,Øvrige formål,"Klima, miljø og energi",1400,Klima- og miljødepartementet,76,Støtte til nasjonale og internasjonale miljøtiltak,0.1465,0.0965
utgift,Øvrige formål,"Klima, miljø og energi",1410,Kunnskap om klima og miljø,21,Miljødata,0.5797,0.5439
utgift,Øvrige formål,"Klima, miljø og energi",1410,Kunnskap om klima og miljø,23,Mareano-programmet,0.0739,0.0732
utgift,Øvrige formål,"Klima, miljø og energi",1410,Kunnskap om klima og miljø,71,Grunnbevilgninger til miljøinstituttene under Norges forskningsråd,0.2939,0.257
utgift,Øvrige formål,"Klima, miljø og energi",1410,Kunnskap om klima og miljø,73,Norges forskningsråd,0.4655,0.4985
utgift,Øvrige formål,"Klima, miljø og energi",1411,Artsdatabanken,1,Driftsutgifter,0.0503,0.048
utgift,Øvrige formål,"Klima, miljø og energi",1411,Artsdatabanken,21,Spesielle driftsutgifter,0.0141,0.028
utgift,Øvrige formål,"Klima, miljø og energi",1411,Artsdatabanken,70,Tilskudd til å styrke kunnskap om og formidling av naturmangfoldet,0.0277,0.0147
utgift,Øvrige formål,"Klima, miljø og energi",1412,Meteorologiformål,50,Meteorologisk institutt,0.4629,0.4464
utgift,Øvrige formål,"Klima, miljø og energi",1412,Meteorologiformål,70,Internasjonale samarbeidsprosjekter,0.1857,0.1748
utgift,Øvrige formål,"Klima, miljø og energi",1420,Miljødirektoratet,1,Driftsutgifter,1.0755,0.9919
utgift,Øvrige formål,"Klima, miljø og energi",1420,Miljødirektoratet,21,Spesielle driftsutgifter,0.8979,0.8307
utgift,Øvrige formål,"Klima, miljø og energi",1420,Miljødirektoratet,23,Oppdrags- og gebyrrelatert virksomhet,0.2728,0.2717
utgift,Øvrige formål,"Klima, miljø og energi",1420,Miljødirektoratet,30,"Statlige erverv, bevaring av viktige friluftslivsområder",0.0149,0.0231
utgift,Øvrige formål,"Klima, miljø og energi",1420,Miljødirektoratet,31,"Tiltak i verneområder, tiltak for villrein og naturrestaurering",0.195,0.1736
utgift,Øvrige formål,"Klima, miljø og energi",1420,Miljødirektoratet,32,"Statlige erverv, vern av naturområder",0.2531,0.3802
utgift,Øvrige formål,"Klima, miljø og energi",1420,Miljødirektoratet,39,Oppryddingstiltak,0.0089,0.0086
utgift,Øvrige formål,"Klima, miljø og energi",1420,Miljødirektoratet,60,Tilskudd til Natursats - tiltak og planlegging for natur i kommunene,0.03,0.1148
utgift,Øvrige formål,"Klima, miljø og energi",1420,Miljødirektoratet,61,"Tilskudd til klimatiltak, klimatilpasning og sirkulærøkonomi",0.1884,0.2507
utgift,Øvrige formål,"Klima, miljø og energi",1420,Miljødirektoratet,62,Tilskudd til grønn skipsfart,0.0311,0.02
utgift,Øvrige formål,"Klima, miljø og energi",1420,Miljødirektoratet,66,Tilskudd til kommuner for å bedre tilgangen til strandsonen langs Oslofjorden,0.0033,0.0032
utgift,Øvrige formål,"Klima, miljø og energi",1420,Miljødirektoratet,67,Tilskudd til klima- og natursatsprogrammer,0.1329,
utgift,Øvrige formål,"Klima, miljø og energi",1420,Miljødirektoratet,69,Oppryddingstiltak,0.0314,0.0302
utgift,Øvrige formål,"Klima, miljø og energi",1420,Miljødirektoratet,71,Tilskudd til tiltak mot marin forsøpling,0.0059,0.0274
utgift,Øvrige formål,"Klima, miljø og energi",1420,Miljødirektoratet,72,Erstatning for beitedyr tatt av rovvilt,0.1639,0.1639
utgift,Øvrige formål,"Klima, miljø og energi",1420,Miljødirektoratet,73,Tilskudd til rovvilttiltak,0.0436,0.0517
utgift,Øvrige formål,"Klima, miljø og energi",1420,Miljødirektoratet,74,CO2-kompensasjonsordning for industrien,7.5203,4.3512
utgift,Øvrige formål,"Klima, miljø og energi",1420,Miljødirektoratet,75,Vrakpant og tilskudd til innlevering og behandling av kasserte fritidsbåter og kjøretøy,0.4158,0.4132
utgift,Øvrige formål,"Klima, miljø og energi",1420,Miljødirektoratet,76,Refusjon ved innlevering av klima- og miljøskadelige stoffer,0.22,0.22
utgift,Øvrige formål,"Klima, miljø og energi",1420,Miljødirektoratet,77,Tilskudd til fagspesifikke miljøorganisasjoner,0.0104,0.01
utgift,Øvrige formål,"Klima, miljø og energi",1420,Miljødirektoratet,78,Tilskudd til friluftslivsformål,0.2312,0.227
utgift,Øvrige formål,"Klima, miljø og energi",1420,Miljødirektoratet,79,Oppryddingstiltak,0.0005,0.0005
utgift,Øvrige formål,"Klima, miljø og energi",1420,Miljødirektoratet,80,Tilskudd til tiltak for å ta vare på natur,0.3261,0.2764
utgift,Øvrige formål,"Klima, miljø og energi",1420,Miljødirektoratet,81,Tilskudd til verdiskaping basert på naturarven,0.0097,0.0132
utgift,Øvrige formål,"Klima, miljø og energi",1420,Miljødirektoratet,84,Tilskudd til internasjonalt klima- og miljøsamarbeid,0.01,0.0097
utgift,Øvrige formål,"Klima, miljø og energi",1420,Miljødirektoratet,85,Tilskudd til besøkssenter for natur,0.0918,0.0885
utgift,Øvrige formål,"Klima, miljø og energi",1420,Miljødirektoratet,86,Tilskudd til frivillige klima- og miljøorganisasjoner og klima- og miljøstiftelser,0.0702,0.0617
utgift,Øvrige formål,"Klima, miljø og energi",1420,Miljødirektoratet,87,Tilskudd til natur og friluftsliv i områder berørt av landbaserte vindkraftverk,0.0218,0.0227
utgift,Øvrige formål,"Klima, miljø og energi",1422,Miljøvennlig skipsfart,21,Spesielle driftsutgifter,0.01,0.0097
utgift,Øvrige formål,"Klima, miljø og energi",1422,Miljøvennlig skipsfart,70,Tilskudd til private,0.0403,0.0389
utgift,Øvrige formål,"Klima, miljø og energi",1423,Radioaktiv forurensning i det ytre miljø,1,Driftsutgifter,0.0598,0.0582
utgift,Øvrige formål,"Klima, miljø og energi",1424,Statens villreinfond,30,Statlige tiltak for villrein i områder berørt av vannkraftregulering,0.01,
utgift,Øvrige formål,"Klima, miljø og energi",1424,Statens villreinfond,70,Tilskudd til tiltak for villrein i områder berørt av vannkraftregulering,0.015,
utgift,Øvrige formål,"Klima, miljø og energi",1425,Fisketiltak,21,Spesielle driftsutgifter,0.0003,0.0003
utgift,Øvrige formål,"Klima, miljø og energi",1425,Fisketiltak,70,Tilskudd til fiskeformål,0.0162,0.0156
utgift,Øvrige formål,"Klima, miljø og energi",1428,Enova SF,50,Overføring til Klima- og energifondet,3.0019,5.9048
utgift,Øvrige formål,"Klima, miljø og energi",1428,Enova SF,52,Tilskudd til landstrøm,0.0063,
utgift,Øvrige formål,"Klima, miljø og energi",1428,Enova SF,53,Tilskudd til reparasjoner,0.035,
utgift,Øvrige formål,"Klima, miljø og energi",1429,Riksantikvaren,1,Driftsutgifter,0.1763,0.1727
utgift,Øvrige formål,"Klima, miljø og energi",1429,Riksantikvaren,21,Spesielle driftsutgifter,0.0396,0.0342
utgift,Øvrige formål,"Klima, miljø og energi",1429,Riksantikvaren,22,Flerårige prosjekter kulturmiljøforvaltning,0.0437,0.0346
utgift,Øvrige formål,"Klima, miljø og energi",1429,Riksantikvaren,70,Tilskudd til automatisk fredete og andre arkeologiske kulturminner,0.0435,0.042
utgift,Øvrige formål,"Klima, miljø og energi",1429,Riksantikvaren,71,Tilskudd til fredet kulturmiljø i privat eie,0.1531,0.1515
utgift,Øvrige formål,"Klima, miljø og energi",1429,Riksantikvaren,72,Tilskudd til tekniske og industrielle kulturminner,0.0626,0.0628
utgift,Øvrige formål,"Klima, miljø og energi",1429,Riksantikvaren,73,Tilskudd til bygninger og anlegg fra middelalderen og brannsikring,0.0492,0.0489
utgift,Øvrige formål,"Klima, miljø og energi",1429,Riksantikvaren,74,Tilskudd til fartøyvern,0.0773,0.0765
utgift,Øvrige formål,"Klima, miljø og energi",1429,Riksantikvaren,75,Tilskudd til fartøyvernsentrene,0.0177,0.0176
utgift,Øvrige formål,"Klima, miljø og energi",1429,Riksantikvaren,76,Tilskudd til utvalgte kulturlandskap i jordbruket og kulturlandskap i verdensarvområder,0.0188,0.0185
utgift,Øvrige formål,"Klima, miljø og energi",1429,Riksantikvaren,77,Tilskudd til verdiskaping og kompetansetiltak på kulturmiljøområdet,0.0214,0.0204
utgift,Øvrige formål,"Klima, miljø og energi",1429,Riksantikvaren,78,Tilskudd til besøkssentre for verdensarv,0.0306,0.0241
utgift,Øvrige formål,"Klima, miljø og energi",1429,Riksantikvaren,79,Tilskudd til verdensarven,0.0673,0.0668
utgift,Øvrige formål,"Klima, miljø og energi",1432,Norsk kulturminnefond,50,Til disposisjon for tiltak på kulturmiljøfeltet,0.1215,0.1422
utgift,Øvrige formål,"Klima, miljø og energi",1471,Norsk Polarinstitutt,1,Driftsutgifter,0.2266,0.2116
utgift,Øvrige formål,"Klima, miljø og energi",1471,Norsk Polarinstitutt,21,"Spesielle driftsutgifter, Troll forskningsstasjon",0.146,0.1395
utgift,Øvrige formål,"Klima, miljø og energi",1471,Norsk Polarinstitutt,22,Drift av forskningsinfrastruktur,0.0822,0.0793
utgift,Øvrige formål,"Klima, miljø og energi",1471,Norsk Polarinstitutt,23,Eksterne prosjekter,0.1348,0.113
utgift,Øvrige formål,"Klima, miljø og energi",1471,Norsk Polarinstitutt,45,Større utstyrsanskaffelser og vedlikehold,0.173,0.227
utgift,Øvrige formål,"Klima, miljø og energi",1472,Svalbards miljøvernfond,50,Overføringer til Svalbards miljøvernfond,0.0193,0.0193
utgift,Øvrige formål,"Klima, miljø og energi",1473,Kings Bay AS,70,Tilskudd,0.0883,0.0851
utgift,Øvrige formål,"Klima, miljø og energi",1474,Fram - Nordområdesenter for klima- og miljøforskning,1,Driftsutgifter,0.0003,0.0003
utgift,Øvrige formål,"Klima, miljø og energi",1474,Fram - Nordområdesenter for klima- og miljøforskning,50,Tilskudd til statlige mottakere,0.0297,0.0286
utgift,Øvrige formål,"Klima, miljø og energi",1474,Fram - Nordområdesenter for klima- og miljøforskning,70,Tilskudd til private mottakere,0.0344,0.0332
utgift,Øvrige formål,"Klima, miljø og energi",1481,Klimakvoter,1,Driftsutgifter,0.003,0.003
utgift,Øvrige formål,"Klima, miljø og energi",1481,Klimakvoter,22,Internasjonalt samarbeid under Parisavtalens artikkel 6,0.5,0.3
utgift,Øvrige formål,"Klima, miljø og energi",1481,Klimakvoter,25,Fleksible mekanismer under klimasamarbeidet med EU,0.6,
utgift,Øvrige formål,"Klima, miljø og energi",1482,Internasjonale klima- og utviklingstiltak,1,Driftsutgifter,0.0842,0.0819
utgift,Øvrige formål,"Klima, miljø og energi",1482,Internasjonale klima- og utviklingstiltak,21,Spesielle driftsutgifter,0.0645,0.0622
utgift,Øvrige formål,"Klima, miljø og energi",1482,Internasjonale klima- og utviklingstiltak,73,Klima- og skoginitiativet,3.9337,3.9427
utgift,Øvrige formål,Statsforvaltning og annet,1500,Digitaliserings- og forvaltningsdepartementet,1,Driftsutgifter,0.2559,0.2501
utgift,Øvrige formål,Statsforvaltning og annet,1500,Digitaliserings- og forvaltningsdepartementet,21,Spesielle driftsutgifter,0.0657,0.047
utgift,Øvrige formål,Statsforvaltning og annet,1500,Digitaliserings- og forvaltningsdepartementet,70,Diverse formål,0.0006,0.0006
utgift,Øvrige formål,Statsforvaltning og annet,1500,Digitaliserings- og forvaltningsdepartementet,71,Forskningsmidler til Norges forskningsråd,0.1119,0.0953
utgift,Øvrige formål,Statsforvaltning og annet,1500,Digitaliserings- og forvaltningsdepartementet,72,Grunnbevilgning forskningsinstitutter,0.0525,0.0521
utgift,Øvrige formål,Statsforvaltning og annet,1510,Departementenes sikkerhets- og serviceorganisasjon,1,Driftsutgifter,0.889,0.7743
utgift,Øvrige formål,Statsforvaltning og annet,1510,Departementenes sikkerhets- og serviceorganisasjon,22,Fellesutgifter,0.1369,0.132
utgift,Øvrige formål,Statsforvaltning og annet,1510,Departementenes sikkerhets- og serviceorganisasjon,45,Større utstyrsanskaffelser og vedlikehold,0.0124,0.0123
utgift,Øvrige formål,Statsforvaltning og annet,1510,Departementenes sikkerhets- og serviceorganisasjon,46,Sikringsanlegg og sperresystemer,0.0101,0.011
utgift,Øvrige formål,Statsforvaltning og annet,1511,Prosjekter tilknyttet nytt regjeringskvartal,25,Prosjektstyring,0.0048,0.0048
utgift,Øvrige formål,Statsforvaltning og annet,1511,Prosjekter tilknyttet nytt regjeringskvartal,30,Ombygging av Ring 1,0.35,1.045
utgift,Øvrige formål,Statsforvaltning og annet,1512,Diverse fellestjenester,1,Driftsutgifter,1.0782,1.0468
utgift,Øvrige formål,Statsforvaltning og annet,1512,Diverse fellestjenester,23,Husleie for fellesarealer m.m.,0.1382,0.0246
utgift,Øvrige formål,Statsforvaltning og annet,1515,Departementenes digitaliseringsorganisasjon,1,Driftsutgifter,0.5367,0.4667
utgift,Øvrige formål,Statsforvaltning og annet,1515,Departementenes digitaliseringsorganisasjon,21,Spesielle driftsutgifter,0.0848,0.0818
utgift,Øvrige formål,Statsforvaltning og annet,1515,Departementenes digitaliseringsorganisasjon,22,Større IKT-/digitaliseringsprosjekter,0.1952,0.6577
utgift,Øvrige formål,Statsforvaltning og annet,1515,Departementenes digitaliseringsorganisasjon,45,Større utstyrsanskaffelser og vedlikehold,0.0362,0.025
utgift,Øvrige formål,Statsforvaltning og annet,1520,Statsforvalterne,1,Driftsutgifter,2.8861,2.5654
utgift,Øvrige formål,Statsforvaltning og annet,1520,Statsforvalterne,21,Spesielle driftsutgifter,0.0993,0.0958
utgift,Øvrige formål,Statsforvaltning og annet,1530,Byggeprosjekter utenfor husleieordningen,30,Prosjektering av bygg,0.015,0.06
utgift,Øvrige formål,Statsforvaltning og annet,1530,Byggeprosjekter utenfor husleieordningen,33,Videreføring av byggeprosjekter,3.132,4.15
utgift,Øvrige formål,Statsforvaltning og annet,1530,Byggeprosjekter utenfor husleieordningen,36,Kunstnerisk utsmykking,0.0314,0.0546
utgift,Øvrige formål,Statsforvaltning og annet,1530,Byggeprosjekter utenfor husleieordningen,45,Større utstyrsanskaffelser og vedlikehold,1.6715,2.122
utgift,Øvrige formål,Statsforvaltning og annet,1531,Eiendommer til kongelige formål,1,Driftsutgifter,0.0444,0.0439
utgift,Øvrige formål,Statsforvaltning og annet,1531,Eiendommer til kongelige formål,45,Større utstyrsanskaffelser og vedlikehold,0.0463,0.046
utgift,Øvrige formål,Statsforvaltning og annet,1533,Eiendommer utenfor husleieordningen,1,Driftsutgifter,0.0298,0.0295
utgift,Øvrige formål,Statsforvaltning og annet,1533,Eiendommer utenfor husleieordningen,45,Større utstyrsanskaffelser og vedlikehold,0.035,0.0755
utgift,Øvrige formål,Statsforvaltning og annet,1534,Erstatningslokaler for departementene,1,Driftsutgifter,0.0997,0.1541
utgift,Øvrige formål,Statsforvaltning og annet,1540,Digitaliseringsdirektoratet,1,Driftsutgifter,0.1864,0.1837
utgift,Øvrige formål,Statsforvaltning og annet,1540,Digitaliseringsdirektoratet,21,Spesielle driftsutgifter,0.0423,0.0213
utgift,Øvrige formål,Statsforvaltning og annet,1540,Digitaliseringsdirektoratet,22,Tredjepartskostnader nasjonale fellesløsninger,0.21,0.224
utgift,Øvrige formål,Statsforvaltning og annet,1540,Digitaliseringsdirektoratet,23,Utvikling og forvaltning av nasjonale fellesløsninger,0.5487,0.5317
utgift,Øvrige formål,Statsforvaltning og annet,1540,Digitaliseringsdirektoratet,25,Medfinansieringsordning for digitaliseringsprosjekter,0.1244,0.1528
utgift,Øvrige formål,Statsforvaltning og annet,1540,Digitaliseringsdirektoratet,26,Stimulab,0.0057,0.0055
utgift,Øvrige formål,Statsforvaltning og annet,1540,Digitaliseringsdirektoratet,27,Tilsyn for universell utforming av ikt,0.0222,0.0214
utgift,Øvrige formål,Statsforvaltning og annet,1540,Digitaliseringsdirektoratet,28,KI Norge,0.0451,0.01
utgift,Øvrige formål,Statsforvaltning og annet,1540,Digitaliseringsdirektoratet,29,Brukerutløste kostnader Altinn,0.1265,0.166
utgift,Øvrige formål,Statsforvaltning og annet,1540,Digitaliseringsdirektoratet,71,IT-tilskudd,0.01,0.0097
utgift,Øvrige formål,Statsforvaltning og annet,1541,Digitaliserings- og ekompolitikk,22,"Utvikling, gjennomføring og samordning av digitaliserings- og ekompolitikken",0.0393,0.0266
utgift,Øvrige formål,Statsforvaltning og annet,1541,Digitaliserings- og ekompolitikk,61,Forebygging og håndtering av digitale hendelser,0.0035,
utgift,Øvrige formål,Statsforvaltning og annet,1541,Digitaliserings- og ekompolitikk,70,"Forvaltningsutvikling, digitaliserings- og ekompolitikk",0.027,0.0278
utgift,Øvrige formål,Statsforvaltning og annet,1542,Internasjonalt samarbeid,1,Driftsutgifter,0.0055,0.0054
utgift,Øvrige formål,Statsforvaltning og annet,1542,Internasjonalt samarbeid,70,Internasjonale program,0.3208,0.4414
utgift,Øvrige formål,Statsforvaltning og annet,1542,Internasjonalt samarbeid,71,Nasjonal medfinansiering og mobilisering,0.0201,0.02
utgift,Øvrige formål,Statsforvaltning og annet,1543,Nasjonal kommunikasjonsmyndighet,1,Driftsutgifter,0.3243,0.2977
utgift,Øvrige formål,Statsforvaltning og annet,1543,Nasjonal kommunikasjonsmyndighet,22,Nytt nødnett,0.3245,0.1
utgift,Øvrige formål,Statsforvaltning og annet,1543,Nasjonal kommunikasjonsmyndighet,45,Større utstyrsanskaffelser og vedlikehold,0.0189,0.0183
utgift,Øvrige formål,Statsforvaltning og annet,1543,Nasjonal kommunikasjonsmyndighet,70,Telesikkerhet og -beredskap,0.4513,0.4212
utgift,Øvrige formål,Statsforvaltning og annet,1543,Nasjonal kommunikasjonsmyndighet,71,Funksjonell internettilgang til alle,0.0101,0.01
utgift,Øvrige formål,Statsforvaltning og annet,1545,Datatilsynet,1,Driftsutgifter,0.0936,
utgift,Øvrige formål,Statsforvaltning og annet,1546,Personvernnemnda,1,Driftsutgifter,0.0043,
utgift,Øvrige formål,Statsforvaltning og annet,1560,Tariffavtalte avsetninger mv.,21,Spesielle driftsutgifter,0.002,0.001
utgift,Øvrige formål,Statsforvaltning og annet,1560,Tariffavtalte avsetninger mv.,70,Kompetanseutvikling mv.,0.007,0.001
utgift,Øvrige formål,Statsforvaltning og annet,1560,Tariffavtalte avsetninger mv.,71,Opplæring og utvikling av tillitsvalgte,0.2797,0.262
utgift,Øvrige formål,Statsforvaltning og annet,1560,Tariffavtalte avsetninger mv.,72,Pensjonskostnader tjenestemannsorganisasjonene,0.0515,0.047
utgift,Øvrige formål,Statsforvaltning og annet,1565,Boliglånsordningen i Statens pensjonskasse,1,Driftsutgifter,0.066,0.06
utgift,Øvrige formål,Statsforvaltning og annet,1565,Boliglånsordningen i Statens pensjonskasse,70,Tap/avskrivninger,0.002,0.002
utgift,Øvrige formål,Statsforvaltning og annet,1566,Yrkesskadeforsikring,1,Driftsutgifter,0.095,0.095
utgift,Øvrige formål,Statsforvaltning og annet,1567,Gruppelivsforsikring,1,Driftsutgifter,0.26,0.26
utgift,Øvrige formål,Statsforvaltning og annet,1600,Finansdepartementet,1,Driftsutgifter,0.4947,0.4851
utgift,Øvrige formål,Statsforvaltning og annet,1600,Finansdepartementet,21,Spesielle driftsutgifter,0.057,0.0597
utgift,Øvrige formål,Statsforvaltning og annet,1600,Finansdepartementet,50,Forskningssenter,0.0035,
utgift,Øvrige formål,Statsforvaltning og annet,1600,Finansdepartementet,71,Forskning og allmennopplysning - Norges forskningsråd,0.0433,0.0468
utgift,Øvrige formål,Statsforvaltning og annet,1600,Finansdepartementet,72,Norsk Regnskapsstiftelse - utvikling av standarder,0.0041,0.004
utgift,Øvrige formål,Statsforvaltning og annet,1602,Finanstilsynet,1,Driftsutgifter,0.6551,0.6261
utgift,Øvrige formål,Statsforvaltning og annet,1602,Finanstilsynet,23,Spesielle driftsutgifter - Klagenemnd,0.0126,0.0121
utgift,Øvrige formål,Statsforvaltning og annet,1602,Finanstilsynet,45,Større utstyrsanskaffelser og vedlikehold,0.0297,0.0308
utgift,Øvrige formål,Statsforvaltning og annet,1605,Direktoratet for forvaltning og økonomistyring,1,Driftsutgifter,1.3223,1.1814
utgift,Øvrige formål,Statsforvaltning og annet,1605,Direktoratet for forvaltning og økonomistyring,22,OK Stat,0.0143,0.0138
utgift,Øvrige formål,Statsforvaltning og annet,1605,Direktoratet for forvaltning og økonomistyring,45,Større utstyrsanskaffelser og vedlikehold,0.0217,0.0209
utgift,Øvrige formål,Statsforvaltning og annet,1610,Tolletaten,1,Driftsutgifter,2.2423,2.1492
utgift,Øvrige formål,Statsforvaltning og annet,1610,Tolletaten,45,Større utstyrsanskaffelser og vedlikehold,0.3617,0.3412
utgift,Øvrige formål,Statsforvaltning og annet,1618,Skatteetaten,1,Driftsutgifter,8.6354,8.4293
utgift,Øvrige formål,Statsforvaltning og annet,1618,Skatteetaten,21,Spesielle driftsutgifter,0.1171,0.1129
utgift,Øvrige formål,Statsforvaltning og annet,1618,Skatteetaten,22,Større IT-prosjekter,0.6936,0.7339
utgift,Øvrige formål,Statsforvaltning og annet,1618,Skatteetaten,23,"Spesielle driftsutgifter, a-ordningen",0.1183,0.1141
utgift,Øvrige formål,Statsforvaltning og annet,1618,Skatteetaten,45,Større utstyrsanskaffelser og vedlikehold,0.12,0.116
utgift,Øvrige formål,Statsforvaltning og annet,1618,Skatteetaten,50,Skatte- og avgiftsforskning,0.0066,0.0064
utgift,Øvrige formål,Statsforvaltning og annet,1619,Skatteklagenemnda,1,Driftsutgifter,0.0982,0.0888
utgift,Øvrige formål,Statsforvaltning og annet,1620,Statistisk sentralbyrå,1,Driftsutgifter,0.8233,0.7999
utgift,Øvrige formål,Statsforvaltning og annet,1620,Statistisk sentralbyrå,21,Spesielle driftsutgifter,0.2432,0.2512
utgift,Øvrige formål,Statsforvaltning og annet,1620,Statistisk sentralbyrå,45,Større utstyrsanskaffelser og vedlikehold,0.0045,0.0043
utgift,Øvrige formål,Momskompensasjon,1632,Kompensasjon for merverdiavgift,61,Tilskudd til kommuner og fylkeskommuner,34.5,33.6
utgift,Øvrige formål,Momskompensasjon,1632,Kompensasjon for merverdiavgift,72,Tilskudd til private og ideelle virksomheter,2.92,2.85
utgift,Øvrige formål,Momskompensasjon,1633,"Nettoordning, statlig betalt merverdiavgift",1,Driftsutgifter,14.5,11.5
utgift,Øvrige formål,Statsforvaltning og annet,1635,Forskuttering av erstatningskrav,70,Utbetaling av erstatning,0.001,0.001
utgift,Øvrige formål,Renter på statsgjeld,1650,"Statsgjeld, renter mv.",89,Renter og provisjon mv. på innenlandsk statsgjeld,24.3991,20.0814
utgift,Forsvar,Forsvar,1700,Forsvarsdepartementet,1,Driftsutgifter,0.9567,0.8782
utgift,Forsvar,Forsvar,1700,Forsvarsdepartementet,21,Spesielle driftsutgifter,0.2146,0.1662
utgift,Forsvar,Forsvar,1700,Forsvarsdepartementet,52,Overføringer til statlige forvaltningsorganer,0.0064,0.0066
utgift,Forsvar,Forsvar,1700,Forsvarsdepartementet,53,"Risikokapital, NATO innovasjonsfond",0.0149,0.0151
utgift,Forsvar,Forsvar,1700,Forsvarsdepartementet,60,Overføringer til kommuner og fylkeskommuner,0.0032,0.0031
utgift,Forsvar,Forsvar,1700,Forsvarsdepartementet,71,Overføringer til andre,0.103,0.0992
utgift,Forsvar,Forsvar,1700,Forsvarsdepartementet,72,Tilskudd til Norges forskningsråd,0.0664,0.0492
utgift,Forsvar,Forsvar,1700,Forsvarsdepartementet,73,Forskning og utvikling,0.1721,0.1665
utgift,Forsvar,Forsvar,1700,Forsvarsdepartementet,78,Norges tilskudd til NATOs og internasjonale driftsbudsjetter,1.8928,1.7802
utgift,Forsvar,Forsvar,1710,Forsvarsbygg og nybygg og nyanlegg,1,Driftsutgifter,10.0866,8.6256
utgift,Forsvar,Forsvar,1710,Forsvarsbygg og nybygg og nyanlegg,47,Nybygg og nyanlegg,7.7778,6.0608
utgift,Forsvar,Forsvar,1716,Forsvarets forskningsinstitutt,51,Tilskudd til Forsvarets forskningsinstitutt,0.3988,0.3752
utgift,Forsvar,Forsvar,1720,Forsvaret,1,Driftsutgifter,54.1427,49.166
utgift,Forsvar,Forsvar,1720,Forsvaret,71,Overføringer til andre,0.0532,0.0513
utgift,Forsvar,Forsvar,1730,Forsvarshistorisk museum,1,Driftsutgifter,0.2126,0.1858
utgift,Forsvar,Forsvar,1730,Forsvarshistorisk museum,21,Spesielle driftsutgifter - gaver og donasjoner,0.01,
utgift,Forsvar,Forsvar,1730,Forsvarshistorisk museum,71,Overføringer til andre,0.0059,0.0027
utgift,Forsvar,Forsvar,1735,Etterretningstjenesten,21,Spesielle driftsutgifter,5.3658,4.8386
utgift,Forsvar,Forsvar,1740,Statens graderte plattformtjenester,1,Driftsutgifter,0.8532,0.7028
utgift,Forsvar,Forsvar,1740,Statens graderte plattformtjenester,45,Større utstyrsanskaffelser og vedlikehold,0.1609,0.1553
utgift,Forsvar,Forsvar,1750,Militær støtte til Ukraina,21,Spesielle driftsutgifter,40.05,28.61
utgift,Forsvar,Forsvar,1750,Militær støtte til Ukraina,79,Tilskudd til militær støtte for Ukraina,28.6014,38.596
utgift,Forsvar,Forsvar,1760,Forsvarsmateriell og større anskaffelser og vedlikehold,1,Driftsutgifter,2.9289,2.9037
utgift,Forsvar,Forsvar,1760,Forsvarsmateriell og større anskaffelser og vedlikehold,44,"Fellesfinansierte investeringer, nasjonalfinansiert andel",0.6064,0.3161
utgift,Forsvar,Forsvar,1760,Forsvarsmateriell og større anskaffelser og vedlikehold,45,Større utstyrsanskaffelser og vedlikehold,33.7424,34.2951
utgift,Forsvar,Forsvar,1760,Forsvarsmateriell og større anskaffelser og vedlikehold,48,"Fellesfinansierte investeringer, fellesfinansiert andel",1.95,0.65
utgift,Forsvar,Forsvar,1760,Forsvarsmateriell og større anskaffelser og vedlikehold,75,"Fellesfinansierte investeringer, Norges tilskudd til NATOs investeringsprogram for sikkerhet",0.4673,0.4506
utgift,Forsvar,Forsvar,1791,Redningshelikoptertjenesten,1,Driftsutgifter,0.8091,0.6087
utgift,Øvrige formål,"Klima, miljø og energi",1800,Energidepartementet,1,Driftsutgifter,0.2801,0.2703
utgift,Øvrige formål,"Klima, miljø og energi",1800,Energidepartementet,21,Spesielle driftsutgifter,0.05,0.0446
utgift,Øvrige formål,"Klima, miljø og energi",1800,Energidepartementet,50,Overføring til andre forvaltningsorganer,0.0018,0.001
utgift,Øvrige formål,"Klima, miljø og energi",1800,Energidepartementet,60,Utsira kommune - havvindutvikling,0.003,0.003
utgift,Øvrige formål,"Klima, miljø og energi",1800,Energidepartementet,70,Tilskudd til internasjonale organisasjoner mv.,0.013,0.0145
utgift,Øvrige formål,"Klima, miljø og energi",1800,Energidepartementet,71,Norsk Oljemuseum,0.018,0.0174
utgift,Øvrige formål,"Klima, miljø og energi",1800,Energidepartementet,72,Tilskudd til energiformål,0.008,0.018
utgift,Øvrige formål,"Klima, miljø og energi",1810,Sokkeldirektoratet,1,Driftsutgifter,0.4638,0.4546
utgift,Øvrige formål,"Klima, miljø og energi",1810,Sokkeldirektoratet,21,Spesielle driftsutgifter,0.057,0.205
utgift,Øvrige formål,"Klima, miljø og energi",1810,Sokkeldirektoratet,23,Oppdrags- og samarbeidsvirksomhet,0.0425,0.05
utgift,Øvrige formål,"Klima, miljø og energi",1820,Norges vassdrags- og energidirektorat,1,Driftsutgifter,1.1115,1.0318
utgift,Øvrige formål,"Klima, miljø og energi",1820,Norges vassdrags- og energidirektorat,21,Spesielle driftsutgifter,0.1485,0.1105
utgift,Øvrige formål,"Klima, miljø og energi",1820,Norges vassdrags- og energidirektorat,22,Flom- og skredforebygging,0.441,0.383
utgift,Øvrige formål,"Klima, miljø og energi",1820,Norges vassdrags- og energidirektorat,23,Oppdrags- og samarbeidsvirksomhet,0.06,0.06
utgift,Øvrige formål,"Klima, miljø og energi",1820,Norges vassdrags- og energidirektorat,25,Krise- og hastetiltak i forbindelse med flom- og skredhendelser,0.135,0.15
utgift,Øvrige formål,"Klima, miljø og energi",1820,Norges vassdrags- og energidirektorat,26,Reguleringsmyndigheten for energi,0.1016,0.0963
utgift,Øvrige formål,"Klima, miljø og energi",1820,Norges vassdrags- og energidirektorat,45,Større utstyrsanskaffelser og vedlikehold,0.039,0.039
utgift,Øvrige formål,"Klima, miljø og energi",1820,Norges vassdrags- og energidirektorat,60,Tilskudd til flom- og skredforebygging,0.15,0.21
utgift,Øvrige formål,"Klima, miljø og energi",1820,Norges vassdrags- og energidirektorat,62,Fordeling av inntekt fra avgift på vindkraft,0.39,0.36
utgift,Øvrige formål,"Klima, miljø og energi",1820,Norges vassdrags- og energidirektorat,74,Tilskudd til museums- og kulturminnetiltak,0.01,0.0091
utgift,Øvrige formål,"Klima, miljø og energi",1820,Norges vassdrags- og energidirektorat,75,Strømstønadsordning,3.5,1.9
utgift,Øvrige formål,"Klima, miljø og energi",1820,Norges vassdrags- og energidirektorat,77,Norgespris for strøm,12.0,9.1
utgift,Øvrige formål,"Klima, miljø og energi",1820,Norges vassdrags- og energidirektorat,78,Norgespris for fjernvarme,0.76,0.5
utgift,Øvrige formål,"Klima, miljø og energi",1820,Norges vassdrags- og energidirektorat,79,Strømstønad for fjernvarme,0.1,0.035
utgift,Øvrige formål,"Klima, miljø og energi",1825,Energieffektivisering og -omlegging,21,Spesielle driftsutgifter,0.01,0.014
utgift,Øvrige formål,"Klima, miljø og energi",1825,Energieffektivisering og -omlegging,50,Klima- og energifondet,1.1,1.3
utgift,Øvrige formål,"Klima, miljø og energi",1850,"Klima, industri og teknologi",21,Spesielle driftsutgifter,0.07,0.07
utgift,Øvrige formål,"Klima, miljø og energi",1850,"Klima, industri og teknologi",50,Fond for CO2-håndtering,0.085,0.08
utgift,Øvrige formål,"Klima, miljø og energi",1850,"Klima, industri og teknologi",70,Gassnova SF,0.085,0.105
utgift,Øvrige formål,"Klima, miljø og energi",1850,"Klima, industri og teknologi",71,Teknologisenter Mongstad,0.0715,0.069
utgift,Øvrige formål,"Klima, miljø og energi",1850,"Klima, industri og teknologi",72,Langskip - fangst og lagring av CO2,1.3,1.9
utgift,Øvrige formål,"Klima, miljø og energi",1850,"Klima, industri og teknologi",73,Norges forskningsråd,1.12,1.085
utgift,Øvrige formål,"Klima, miljø og energi",1860,Havindustritilsynet,1,Driftsutgifter,0.405,0.3853
utgift,Øvrige formål,"Klima, miljø og energi",1860,Havindustritilsynet,21,Spesielle driftsutgifter,0.026,0.026
utgift,Øvrige formål,"Klima, miljø og energi",1860,Havindustritilsynet,23,Oppdrags- og samarbeidsvirksomhet,0.004,0.004
utgift,Øvrige formål,Statsforvaltning og annet,2309,Tilfeldige utgifter,1,Driftsutgifter,6.3,6.3
utgift,Utdanning og forskning,Lånekassen,2410,Statens lånekasse for utdanning,1,Driftsutgifter,0.4962,0.4774
utgift,Utdanning og forskning,Lånekassen,2410,Statens lånekasse for utdanning,45,Større utstyrsanskaffelser og vedlikehold,0.0835,0.0727
utgift,Utdanning og forskning,Lånekassen,2410,Statens lånekasse for utdanning,50,Avsetning til utdanningsstipend,10.2215,9.6621
utgift,Utdanning og forskning,Lånekassen,2410,Statens lånekasse for utdanning,70,Utdanningsstipend,4.9654,4.3728
utgift,Utdanning og forskning,Lånekassen,2410,Statens lånekasse for utdanning,71,Andre stipend,0.5843,0.5754
utgift,Utdanning og forskning,Lånekassen,2410,Statens lånekasse for utdanning,72,Rentestøtte,4.6142,4.2141
utgift,Utdanning og forskning,Lånekassen,2410,Statens lånekasse for utdanning,73,Avskrivninger,2.948,1.6877
utgift,Utdanning og forskning,Lånekassen,2410,Statens lånekasse for utdanning,74,Tap på utlån,0.3405,0.3405
utgift,Øvrige formål,Statsforvaltning og annet,2412,Husbanken - Bolig- og bygningsdirektoratet,1,Driftsutgifter,0.7368,0.5234
utgift,Øvrige formål,Statsforvaltning og annet,2412,Husbanken - Bolig- og bygningsdirektoratet,21,Spesielle driftsutgifter,0.0609,0.0129
utgift,Øvrige formål,Statsforvaltning og annet,2412,Husbanken - Bolig- og bygningsdirektoratet,45,Større utstyrsanskaffelser og vedlikehold,0.0771,0.0471
utgift,Øvrige formål,Statsforvaltning og annet,2412,Husbanken - Bolig- og bygningsdirektoratet,71,Tap på lån,0.024,0.025
utgift,Øvrige formål,Statsforvaltning og annet,2412,Husbanken - Bolig- og bygningsdirektoratet,72,Rentestøtte,0.0002,0.0002
utgift,Øvrige formål,Næring og fiskeri,2421,Innovasjon Norge,50,"Tilskudd til etablerere og bedrifter, inkl. tapsavsetninger",1.1476,1.0912
utgift,Øvrige formål,Næring og fiskeri,2421,Innovasjon Norge,70,Basiskostnader,0.1891,0.1913
utgift,Øvrige formål,Næring og fiskeri,2421,Innovasjon Norge,71,Innovative næringsmiljøer,0.1345,0.1297
utgift,Øvrige formål,Næring og fiskeri,2421,Innovasjon Norge,74,Business Norway,0.3951,0.709
utgift,Øvrige formål,Næring og fiskeri,2421,Innovasjon Norge,75,Grønn plattform,0.2669,0.3114
utgift,Øvrige formål,Næring og fiskeri,2421,Innovasjon Norge,76,Miljøteknologi,0.2085,0.3515
utgift,Øvrige formål,Næring og fiskeri,2421,Innovasjon Norge,78,Reiseliv,0.1794,
utgift,Øvrige formål,Næring og fiskeri,2426,Siva SF,70,Tilskudd,0.0525,0.05
utgift,Øvrige formål,Næring og fiskeri,2426,Siva SF,71,Tilskudd til testfasiliteter,0.2266,0.2185
utgift,Øvrige formål,Statsforvaltning og annet,2445,Statsbygg,24,Driftsresultat:,-0.4026,-0.3976
utgift,Øvrige formål,Statsforvaltning og annet,2445,Statsbygg,30,Prosjektering av bygg,0.1135,0.3023
utgift,Øvrige formål,Statsforvaltning og annet,2445,Statsbygg,31,Igangsetting av ordinære byggeprosjekter,0.9329,
utgift,Øvrige formål,Statsforvaltning og annet,2445,Statsbygg,32,Prosjektering og igangsetting av brukerfinansierte byggeprosjekter,0.2789,0.277
utgift,Øvrige formål,Statsforvaltning og annet,2445,Statsbygg,33,Videreføring av ordinære byggeprosjekter,2.6659,3.6401
utgift,Øvrige formål,Statsforvaltning og annet,2445,Statsbygg,34,Videreføring av brukerfinansierte byggeprosjekter,0.856,0.85
utgift,Øvrige formål,Statsforvaltning og annet,2445,Statsbygg,39,Byggelånsrenter,0.25,0.231
utgift,Øvrige formål,Statsforvaltning og annet,2445,Statsbygg,45,Større utstyrsanskaffelser og vedlikehold,0.3845,0.3818
utgift,Øvrige formål,Statsforvaltning og annet,2445,Statsbygg,49,Kjøp av eiendommer,0.038,0.038
utgift,Øvrige formål,Næring og fiskeri,2460,Eksportfinansiering Norge,24,Driftsresultat:,0.1132,0.1096
utgift,"Arbeid, familie og integrering",Øvrig arbeid og familie,2470,Statens pensjonskasse,24,Driftsresultat:,-0.02,-0.02
utgift,"Arbeid, familie og integrering",Øvrig arbeid og familie,2470,Statens pensjonskasse,45,Større utstyrsanskaffelser og vedlikehold,0.165,0.1804
utgift,Folketrygden,Foreldrepenger,2530,Foreldrepenger,70,Foreldrepenger ved fødsel,33.742,29.27
utgift,Folketrygden,Foreldrepenger,2530,Foreldrepenger,71,Engangsstønad ved fødsel og adopsjon,0.612,0.595
utgift,Folketrygden,Foreldrepenger,2530,Foreldrepenger,72,Feriepenger av foreldrepenger,0.91,0.77
utgift,Folketrygden,Foreldrepenger,2530,Foreldrepenger,73,Foreldrepenger ved adopsjon,0.011,0.018
utgift,Folketrygden,Foreldrepenger,2531,Bidragsforskott,70,Forskott til utbetaling,0.82,0.735
utgift,Folketrygden,Dagpenger mv.,2540,Stønad under arbeidsledighet til fiskere og fangstmenn,70,Tilskudd,0.09,0.09
utgift,Folketrygden,Dagpenger mv.,2541,Dagpenger,70,Dagpenger,17.605,16.867
utgift,Folketrygden,Dagpenger mv.,2542,Statsgaranti for lønnskrav ved konkurs mv.,70,Statsgaranti for lønnskrav ved konkurs mv.,1.185,1.1
utgift,Folketrygden,Andre trygdeytelser,2620,Stønad til enslig mor eller far,70,Overgangsstønad,1.09,1.514
utgift,Folketrygden,Andre trygdeytelser,2620,Stønad til enslig mor eller far,72,Stønad til barnetilsyn til enslig mor eller far i arbeid,0.004,0.043
utgift,Folketrygden,Andre trygdeytelser,2620,Stønad til enslig mor eller far,73,Tilleggsstønader og stønad til skolepenger,0.001,0.005
utgift,Folketrygden,"Sykepenger, AAP og uføretrygd",2650,Sykepenger mv.,70,Sykepenger for arbeidstakere mv.,69.722,64.75
utgift,Folketrygden,"Sykepenger, AAP og uføretrygd",2650,Sykepenger mv.,71,Sykepenger for selvstendige,2.01,1.96
utgift,Folketrygden,"Sykepenger, AAP og uføretrygd",2650,Sykepenger mv.,72,"Pleie-, opplærings- og omsorgspenger mv.",4.75,4.46
utgift,Folketrygden,"Sykepenger, AAP og uføretrygd",2650,Sykepenger mv.,75,Feriepenger av sykepenger,4.07,3.72
utgift,Folketrygden,"Sykepenger, AAP og uføretrygd",2650,Sykepenger mv.,76,Tilskudd til ekspertbistand,0.0512,0.0512
utgift,Folketrygden,"Sykepenger, AAP og uføretrygd",2651,Arbeidsavklaringspenger mv.,70,Arbeidsavklaringspenger,59.198,55.906
utgift,Folketrygden,"Sykepenger, AAP og uføretrygd",2651,Arbeidsavklaringspenger mv.,71,Tilleggsstønad,0.14,0.154
utgift,Folketrygden,"Sykepenger, AAP og uføretrygd",2651,Arbeidsavklaringspenger mv.,72,Legeerklæringer,0.4919,0.49
utgift,Folketrygden,"Sykepenger, AAP og uføretrygd",2652,Et enklere Nav - forsøk med aktivitetspenger for unge,70,Forsøk med aktivitetspenger for unge,0.284,0.007
utgift,Folketrygden,"Sykepenger, AAP og uføretrygd",2655,Uføretrygd mv.,70,Uføretrygd,150.17,140.609
utgift,Folketrygden,"Sykepenger, AAP og uføretrygd",2655,Uføretrygd mv.,75,Menerstatning ved yrkesskade,0.098,0.094
utgift,Folketrygden,"Sykepenger, AAP og uføretrygd",2655,Uføretrygd mv.,76,Yrkesskadetrygd gml. lovgivning,0.023,0.027
utgift,Folketrygden,Andre trygdeytelser,2661,"Grunn- og hjelpestønad, hjelpemidler mv.",70,Grunnstønad,1.6712,1.8918
utgift,Folketrygden,Andre trygdeytelser,2661,"Grunn- og hjelpestønad, hjelpemidler mv.",71,Hjelpestønad,3.028,2.7482
utgift,Folketrygden,Andre trygdeytelser,2661,"Grunn- og hjelpestønad, hjelpemidler mv.",72,Stønad til servicehund,0.009,0.0107
utgift,Folketrygden,Andre trygdeytelser,2661,"Grunn- og hjelpestønad, hjelpemidler mv.",73,Hjelpemidler mv. under arbeid og utdanning,0.173,0.147
utgift,Folketrygden,Andre trygdeytelser,2661,"Grunn- og hjelpestønad, hjelpemidler mv.",74,Tilskudd til biler,1.2596,1.2997
utgift,Folketrygden,Andre trygdeytelser,2661,"Grunn- og hjelpestønad, hjelpemidler mv.",75,"Bedring av funksjonsevnen, hjelpemidler",5.6167,5.8219
utgift,Folketrygden,Andre trygdeytelser,2661,"Grunn- og hjelpestønad, hjelpemidler mv.",76,"Bedring av funksjonsevnen, hjelpemidler som tjenester",0.53,0.555
utgift,Folketrygden,Andre trygdeytelser,2661,"Grunn- og hjelpestønad, hjelpemidler mv.",77,Ortopediske hjelpemidler,3.1192,3.0582
utgift,Folketrygden,Andre trygdeytelser,2661,"Grunn- og hjelpestønad, hjelpemidler mv.",78,Høreapparater,1.2232,1.2102
utgift,Folketrygden,Andre trygdeytelser,2661,"Grunn- og hjelpestønad, hjelpemidler mv.",79,Aktivitetshjelpemidler til personer over 26 år,0.0824,0.0795
utgift,Folketrygden,Alderspensjon,2670,Alderdom,70,Grunnpensjon,98.71,96.84
utgift,Folketrygden,Alderspensjon,2670,Alderdom,71,Tilleggspensjon,202.88,197.4
utgift,Folketrygden,Alderspensjon,2670,Alderdom,72,Inntektspensjon,63.03,46.39
utgift,Folketrygden,Alderspensjon,2670,Alderdom,73,"Særtillegg, pensjonstillegg mv.",13.54,11.44
utgift,Folketrygden,Andre trygdeytelser,2680,Etterlatte,70,Omstillingsstønad mv.,1.06,1.75
utgift,Folketrygden,Andre trygdeytelser,2680,Etterlatte,71,Barnepensjon,1.85,1.83
utgift,Folketrygden,Andre trygdeytelser,2680,Etterlatte,74,Tilleggsstønader og stønad til skolepenger,0.0002,0.0001
utgift,Folketrygden,Andre trygdeytelser,2680,Etterlatte,75,Stønad til barnetilsyn til gjenlevende i arbeid,0.0011,0.0011
utgift,Folketrygden,Andre trygdeytelser,2686,Stønad ved gravferd,70,Stønad ved gravferd,0.423,0.37
utgift,Folketrygden,Legehjelp og legemidler,2711,Spesialisthelsetjeneste mv.,70,Spesialisthjelp,3.47,3.271
utgift,Folketrygden,Legehjelp og legemidler,2711,Spesialisthelsetjeneste mv.,71,Psykologhjelp,0.47,0.451
utgift,Folketrygden,Legehjelp og legemidler,2711,Spesialisthelsetjeneste mv.,72,Tannbehandling,3.65,3.1574
utgift,Folketrygden,Legehjelp og legemidler,2711,Spesialisthelsetjeneste mv.,76,Private laboratorier og røntgeninstitutt,1.3568,1.703
utgift,Folketrygden,Legehjelp og legemidler,2751,Legemidler mv.,70,Legemidler,15.65,15.569
utgift,Folketrygden,Legehjelp og legemidler,2751,Legemidler mv.,71,Legeerklæringer,0.033,0.036
utgift,Folketrygden,Legehjelp og legemidler,2751,Legemidler mv.,72,Medisinsk forbruksmateriell,2.66,2.6266
utgift,Folketrygden,Legehjelp og legemidler,2752,Refusjon av egenbetaling,72,Egenandelstak,8.775,8.681
utgift,Folketrygden,Legehjelp og legemidler,2755,Helsetjenester i kommunene mv.,62,Fastlønnsordning fysioterapeuter,0.66,0.63
utgift,Folketrygden,Legehjelp og legemidler,2755,Helsetjenester i kommunene mv.,70,Allmennlegehjelp,7.8176,7.939
utgift,Folketrygden,Legehjelp og legemidler,2755,Helsetjenester i kommunene mv.,71,Fysioterapi,2.125,1.919
utgift,Folketrygden,Legehjelp og legemidler,2755,Helsetjenester i kommunene mv.,72,Jordmorhjelp,0.12,0.111
utgift,Folketrygden,Legehjelp og legemidler,2755,Helsetjenester i kommunene mv.,73,Kiropraktorbehandling,0.006,0.018
utgift,Folketrygden,Legehjelp og legemidler,2755,Helsetjenester i kommunene mv.,75,Logopedisk og ortoptisk behandling,0.498,0.45
utgift,Folketrygden,Legehjelp og legemidler,2756,Andre helsetjenester,70,Helsetjenester i annet EØS-land,0.009,0.012
utgift,Folketrygden,Legehjelp og legemidler,2756,Andre helsetjenester,71,Helsetjenester i utlandet mv.,0.65,0.6522
utgift,Folketrygden,Legehjelp og legemidler,2756,Andre helsetjenester,72,Helsetjenester til utenlandsboende mv.,0.57,0.435
utgift,Folketrygden,Legehjelp og legemidler,2790,Andre helsetiltak,70,Bidrag,0.274,0.278
inntekt,"Renter, utbytte og andre inntekter","Renter, utbytte og andre inntekter",3024,Regjeringsadvokaten,1,Erstatning for utgifter i rettssaker,0.0248,0.0239
inntekt,"Renter, utbytte og andre inntekter","Renter, utbytte og andre inntekter",3041,Stortinget,1,Salgsinntekter,0.01,0.01
inntekt,"Renter, utbytte og andre inntekter","Renter, utbytte og andre inntekter",3041,Stortinget,3,Leieinntekter,0.003,0.0035
inntekt,"Renter, utbytte og andre inntekter","Renter, utbytte og andre inntekter",3041,Stortinget,40,Salg av leiligheter,0.1,
inntekt,"Renter, utbytte og andre inntekter","Renter, utbytte og andre inntekter",3045,Norges institusjon for menneskerettigheter,1,Inntekter fra offentlige foretak,0.0001,
inntekt,"Renter, utbytte og andre inntekter","Renter, utbytte og andre inntekter",3051,Riksrevisjonen,2,Refusjon utland,0.0003,0.0003
inntekt,"Renter, utbytte og andre inntekter","Renter, utbytte og andre inntekter",3100,Utenriksdepartementet,1,Diverse gebyrer ved utenriksstasjonene,0.0262,0.0333
inntekt,"Renter, utbytte og andre inntekter","Renter, utbytte og andre inntekter",3100,Utenriksdepartementet,2,Gebyrer for utlendingssaker ved utenriksstasjonene,0.286,0.2755
inntekt,"Renter, utbytte og andre inntekter","Renter, utbytte og andre inntekter",3100,Utenriksdepartementet,5,Refusjon spesialutsendinger mv.,0.085,0.045
inntekt,"Renter, utbytte og andre inntekter","Renter, utbytte og andre inntekter",3141,Direktoratet for utviklingssamarbeid (Norad),1,Diverse inntekter,0.0,
inntekt,"Renter, utbytte og andre inntekter","Renter, utbytte og andre inntekter",3141,Direktoratet for utviklingssamarbeid (Norad),2,Garantiordningen for fornybar energi i utviklingsland,0.0035,
inntekt,"Renter, utbytte og andre inntekter","Renter, utbytte og andre inntekter",3200,Kunnskapsdepartementet,3,Inntekter fra fremleie,0.0044,0.0047
inntekt,"Renter, utbytte og andre inntekter","Renter, utbytte og andre inntekter",3220,Utdanningsdirektoratet,1,Inntekter ved oppdrag,0.0029,0.0028
inntekt,"Renter, utbytte og andre inntekter","Renter, utbytte og andre inntekter",3220,Utdanningsdirektoratet,2,Salgsinntekter mv.,0.0005,
inntekt,"Renter, utbytte og andre inntekter","Renter, utbytte og andre inntekter",3222,Statlige skoler og fjernundervisningstjenester,2,Salgsinntekter mv.,0.0305,0.0268
inntekt,"Renter, utbytte og andre inntekter","Renter, utbytte og andre inntekter",3223,Diamanten skole,2,Salgsinntekter mv.,0.0008,0.0008
inntekt,"Renter, utbytte og andre inntekter","Renter, utbytte og andre inntekter",3225,Tiltak i grunnopplæringen,4,Refusjon av ODA-godkjente utgifter,0.1531,0.1767
inntekt,"Renter, utbytte og andre inntekter","Renter, utbytte og andre inntekter",3230,Statlig spesialpedagogisk tjeneste,1,Inntekter ved oppdrag,0.0303,0.0292
inntekt,"Renter, utbytte og andre inntekter","Renter, utbytte og andre inntekter",3230,Statlig spesialpedagogisk tjeneste,2,Salgsinntekter mv.,0.0039,0.0037
inntekt,"Renter, utbytte og andre inntekter","Renter, utbytte og andre inntekter",3242,Norges grønne fagskole - Vea,2,Salgsinntekter mv.,0.0084,0.0081
inntekt,"Renter, utbytte og andre inntekter","Renter, utbytte og andre inntekter",3256,Direktoratet for høyere utdanning og kompetanse,1,Inntekter ved oppdrag,0.0075,0.0072
inntekt,"Renter, utbytte og andre inntekter","Renter, utbytte og andre inntekter",3256,Direktoratet for høyere utdanning og kompetanse,2,Inntekter fra refusjoner mv.,0.0374,0.0361
inntekt,"Renter, utbytte og andre inntekter","Renter, utbytte og andre inntekter",3271,Nasjonalt organ for kvalitet i utdanningen,1,Inntekter ved oppdrag,0.0048,0.0046
inntekt,"Renter, utbytte og andre inntekter","Renter, utbytte og andre inntekter",3271,Nasjonalt organ for kvalitet i utdanningen,2,Salgsinntekter mv.,0.0004,0.0004
inntekt,"Renter, utbytte og andre inntekter","Renter, utbytte og andre inntekter",3275,Tiltak for høyere utdanning og forskning,1,Inntekter ved oppdrag,0.0,0.0
inntekt,"Renter, utbytte og andre inntekter","Renter, utbytte og andre inntekter",3285,Norges forskningsråd,1,Inntekter fra oppdrag,0.0065,0.0125
inntekt,"Renter, utbytte og andre inntekter","Renter, utbytte og andre inntekter",3285,Norges forskningsråd,2,Inntekter fra refusjoner mv.,0.0214,0.0123
inntekt,"Renter, utbytte og andre inntekter","Renter, utbytte og andre inntekter",3288,Internasjonale samarbeidstiltak,4,Refusjon av ODA-godkjente utgifter,0.0177,0.0194
inntekt,"Renter, utbytte og andre inntekter","Renter, utbytte og andre inntekter",3320,Kulturdirektoratet og Kulturrådet m.m.,1,Ymse inntekter,0.0054,0.0052
inntekt,"Renter, utbytte og andre inntekter","Renter, utbytte og andre inntekter",3320,Kulturdirektoratet og Kulturrådet m.m.,3,Refusjoner EU-midler,0.006,
inntekt,"Renter, utbytte og andre inntekter","Renter, utbytte og andre inntekter",3322,Bygg og offentlige rom,1,Ymse inntekter,0.0002,0.0002
inntekt,"Renter, utbytte og andre inntekter","Renter, utbytte og andre inntekter",3322,Bygg og offentlige rom,2,Inntekter ved oppdrag,0.04,0.0386
inntekt,"Renter, utbytte og andre inntekter","Renter, utbytte og andre inntekter",3323,Musikk og scenekunst,1,Ymse inntekter,0.0004,0.0004
inntekt,"Renter, utbytte og andre inntekter","Renter, utbytte og andre inntekter",3323,Musikk og scenekunst,2,Billett- og salgsinntekter m.m.,0.0272,0.0262
inntekt,"Renter, utbytte og andre inntekter","Renter, utbytte og andre inntekter",3325,Allmenne kulturformål,1,Ymse inntekter,0.0027,0.0026
inntekt,"Renter, utbytte og andre inntekter","Renter, utbytte og andre inntekter",3326,Språk- og bibliotekformål,1,Ymse inntekter,0.0264,0.0255
inntekt,"Renter, utbytte og andre inntekter","Renter, utbytte og andre inntekter",3326,Språk- og bibliotekformål,2,Inntekter ved oppdrag,0.0329,0.0197
inntekt,"Renter, utbytte og andre inntekter","Renter, utbytte og andre inntekter",3327,Nidaros domkirkes restaureringsarbeider mv.,1,Ymse inntekter,0.0527,0.0412
inntekt,"Renter, utbytte og andre inntekter","Renter, utbytte og andre inntekter",3329,Arkivformål,1,Ymse inntekter,0.0027,0.0026
inntekt,"Renter, utbytte og andre inntekter","Renter, utbytte og andre inntekter",3329,Arkivformål,2,Inntekter ved oppdrag,0.0064,0.0062
inntekt,"Renter, utbytte og andre inntekter","Renter, utbytte og andre inntekter",3334,Film- og dataspillformål,1,Ymse inntekter,0.0089,0.0086
inntekt,"Renter, utbytte og andre inntekter","Renter, utbytte og andre inntekter",3335,Medieformål,2,Inntekter ved oppdrag,0.0053,0.0051
inntekt,"Renter, utbytte og andre inntekter","Renter, utbytte og andre inntekter",3339,"Inntekter fra spill, lotterier og stiftelser",2,Gebyr - lotterier,0.0058,0.0087
inntekt,"Renter, utbytte og andre inntekter","Renter, utbytte og andre inntekter",3339,"Inntekter fra spill, lotterier og stiftelser",4,Gebyr - stiftelser,0.0002,0.0002
inntekt,"Renter, utbytte og andre inntekter","Renter, utbytte og andre inntekter",3339,"Inntekter fra spill, lotterier og stiftelser",7,Inntekter ved oppdrag,0.0219,0.0163
inntekt,"Renter, utbytte og andre inntekter","Renter, utbytte og andre inntekter",3350,Sekretariatet for Diskrimineringsnemnda,85,Tvangsmulkt,0.001,0.001
inntekt,"Renter, utbytte og andre inntekter","Renter, utbytte og andre inntekter",3400,Justis- og beredskapsdepartementet,1,Diverse inntekter,0.0035,0.0068
inntekt,"Renter, utbytte og andre inntekter","Renter, utbytte og andre inntekter",3410,Domstolene,1,Rettsgebyr,0.2237,0.211
inntekt,"Renter, utbytte og andre inntekter","Renter, utbytte og andre inntekter",3410,Domstolene,2,Saks- og gebyrinntekter jordskiftedomstolene,0.0242,0.024
inntekt,"Renter, utbytte og andre inntekter","Renter, utbytte og andre inntekter",3410,Domstolene,3,Diverse refusjoner,0.0143,0.0138
inntekt,"Renter, utbytte og andre inntekter","Renter, utbytte og andre inntekter",3410,Domstolene,4,Vernesaker jordskiftedomstolene,0.0027,0.0025
inntekt,"Renter, utbytte og andre inntekter","Renter, utbytte og andre inntekter",3430,Kriminalomsorgen,2,Arbeidsdriftens inntekter,0.1427,0.1305
inntekt,"Renter, utbytte og andre inntekter","Renter, utbytte og andre inntekter",3430,Kriminalomsorgen,3,Andre inntekter,0.0292,0.0282
inntekt,"Renter, utbytte og andre inntekter","Renter, utbytte og andre inntekter",3430,Kriminalomsorgen,4,Tilskudd,0.0141,0.018
inntekt,"Renter, utbytte og andre inntekter","Renter, utbytte og andre inntekter",3432,Høyskolen for kriminalomsorg,3,Andre inntekter,0.0009,0.0008
inntekt,"Renter, utbytte og andre inntekter","Renter, utbytte og andre inntekter",3433,Konfliktrådet,2,Refusjoner,0.0,0.0
inntekt,"Renter, utbytte og andre inntekter","Renter, utbytte og andre inntekter",3440,Politiet,1,Gebyr - pass og ID-kort,0.8419,0.8327
inntekt,"Renter, utbytte og andre inntekter","Renter, utbytte og andre inntekter",3440,Politiet,2,Refusjoner mv.,0.2431,0.2814
inntekt,"Renter, utbytte og andre inntekter","Renter, utbytte og andre inntekter",3440,Politiet,3,Salgsinntekter,0.0472,0.0458
inntekt,"Renter, utbytte og andre inntekter","Renter, utbytte og andre inntekter",3440,Politiet,4,Gebyr - vaktselskap og etterkontroll av deaktiverte skytevåpen,0.0038,0.0038
inntekt,"Renter, utbytte og andre inntekter","Renter, utbytte og andre inntekter",3440,Politiet,5,Gebyr - våpenforvaltningen,0.2116,0.1367
inntekt,"Renter, utbytte og andre inntekter","Renter, utbytte og andre inntekter",3440,Politiet,6,Gebyr - utlendingssaker,0.3483,0.3674
inntekt,"Renter, utbytte og andre inntekter","Renter, utbytte og andre inntekter",3440,Politiet,7,Gebyr - sivile gjøremål,0.6376,0.6205
inntekt,"Renter, utbytte og andre inntekter","Renter, utbytte og andre inntekter",3440,Politiet,8,Refusjoner fra EUs grense- og visumfinansieringsordninger,0.3216,0.2372
inntekt,"Renter, utbytte og andre inntekter","Renter, utbytte og andre inntekter",3442,Politihøgskolen,2,Diverse inntekter,0.0309,0.0249
inntekt,"Renter, utbytte og andre inntekter","Renter, utbytte og andre inntekter",3442,Politihøgskolen,3,Eksterne forskningsmidler,0.0146,0.0141
inntekt,"Renter, utbytte og andre inntekter","Renter, utbytte og andre inntekter",3444,Politiets sikkerhetstjeneste (PST),2,Refusjoner,0.018,0.0174
inntekt,"Renter, utbytte og andre inntekter","Renter, utbytte og andre inntekter",3451,Direktoratet for samfunnssikkerhet og beredskap,1,Gebyr,0.1399,0.1349
inntekt,"Renter, utbytte og andre inntekter","Renter, utbytte og andre inntekter",3451,Direktoratet for samfunnssikkerhet og beredskap,2,Refusjoner driftsutgifter Nødnett,0.0417,0.0402
inntekt,"Renter, utbytte og andre inntekter","Renter, utbytte og andre inntekter",3451,Direktoratet for samfunnssikkerhet og beredskap,3,Diverse inntekter,0.0378,0.042
inntekt,"Renter, utbytte og andre inntekter","Renter, utbytte og andre inntekter",3451,Direktoratet for samfunnssikkerhet og beredskap,4,Refusjoner større utstyrsanskaffelser og vedlikehold Nødnett,0.0919,0.0886
inntekt,"Renter, utbytte og andre inntekter","Renter, utbytte og andre inntekter",3451,Direktoratet for samfunnssikkerhet og beredskap,5,Abonnementsinntekter og refusjoner Nødnett,0.7257,0.5773
inntekt,"Renter, utbytte og andre inntekter","Renter, utbytte og andre inntekter",3451,Direktoratet for samfunnssikkerhet og beredskap,6,Refusjoner,0.0194,0.0187
inntekt,"Renter, utbytte og andre inntekter","Renter, utbytte og andre inntekter",3451,Direktoratet for samfunnssikkerhet og beredskap,7,Refusjoner fra EU i forbindelse med variable utgifter knyttet til EUs ordning for sivil beredskap,0.0558,0.0538
inntekt,"Renter, utbytte og andre inntekter","Renter, utbytte og andre inntekter",3453,Klareringsdirektoratet,1,Diverse inntekter,0.0008,0.0008
inntekt,"Renter, utbytte og andre inntekter","Renter, utbytte og andre inntekter",3454,Redningshelikoptertjenesten,1,Refusjoner,0.0349,0.0336
inntekt,"Renter, utbytte og andre inntekter","Renter, utbytte og andre inntekter",3457,Nasjonal sikkerhetsmyndighet,1,Inntekter,0.051,0.0492
inntekt,"Renter, utbytte og andre inntekter","Renter, utbytte og andre inntekter",3461,Advokattilsynet,1,Bidrag fra advokater og forvalterordning,0.0911,0.0572
inntekt,"Renter, utbytte og andre inntekter","Renter, utbytte og andre inntekter",3470,Fri rettshjelp,1,Tilkjente saksomkostninger m.m.,0.0053,0.0051
inntekt,"Renter, utbytte og andre inntekter","Renter, utbytte og andre inntekter",3470,Fri rettshjelp,2,"Fri rettshjelp, ODA-godkjente utgifter",0.0063,0.0061
inntekt,"Renter, utbytte og andre inntekter","Renter, utbytte og andre inntekter",3473,Statens sivilrettsforvaltning,1,Diverse inntekter,0.0,0.0
inntekt,"Renter, utbytte og andre inntekter","Renter, utbytte og andre inntekter",3473,Statens sivilrettsforvaltning,2,"Vergemåls-/representantordning, ODA-godkjente utgifter",0.0072,0.007
inntekt,"Renter, utbytte og andre inntekter","Renter, utbytte og andre inntekter",3481,Samfunnet Jan Mayen,1,Refusjoner og andre inntekter,0.008,0.0077
inntekt,"Renter, utbytte og andre inntekter","Renter, utbytte og andre inntekter",3490,Utlendingsdirektoratet,1,"Retur og reintegrering av migranter og internasjonalt migrasjonssamarbeid, ODA-godkjente utgifter",0.1029,0.0082
inntekt,"Renter, utbytte og andre inntekter","Renter, utbytte og andre inntekter",3490,Utlendingsdirektoratet,3,"Reiseutgifter og tiltak for flyktninger utenfor Norge, ODA-godkjente utgifter",0.0143,0.0068
inntekt,"Renter, utbytte og andre inntekter","Renter, utbytte og andre inntekter",3490,Utlendingsdirektoratet,4,"Asylmottak, ODA-godkjente utgifter",1.8147,1.8284
inntekt,"Renter, utbytte og andre inntekter","Renter, utbytte og andre inntekter",3490,Utlendingsdirektoratet,5,Refusjonsinntekter,0.0026,0.0011
inntekt,"Renter, utbytte og andre inntekter","Renter, utbytte og andre inntekter",3490,Utlendingsdirektoratet,7,"Tolk og oversettelse, ODA-godkjente utgifter",0.014,0.0204
inntekt,"Renter, utbytte og andre inntekter","Renter, utbytte og andre inntekter",3563,Internasjonalt reindriftssenter,2,Diverse inntekter,0.0035,0.0034
inntekt,"Renter, utbytte og andre inntekter","Renter, utbytte og andre inntekter",3595,Statens kartverk,1,Gebyrinntekter tinglysing,0.5304,0.4891
inntekt,"Renter, utbytte og andre inntekter","Renter, utbytte og andre inntekter",3595,Statens kartverk,2,Salg og abonnement m.m.,0.1978,0.172
inntekt,"Renter, utbytte og andre inntekter","Renter, utbytte og andre inntekter",3595,Statens kartverk,3,Samfinansiering,0.2104,0.2072
inntekt,"Renter, utbytte og andre inntekter","Renter, utbytte og andre inntekter",3605,Arbeids- og velferdsetaten,1,Administrasjonsvederlag,0.0071,0.0078
inntekt,"Renter, utbytte og andre inntekter","Renter, utbytte og andre inntekter",3605,Arbeids- og velferdsetaten,4,Tolketjenester,0.0052,0.0051
inntekt,"Renter, utbytte og andre inntekter","Renter, utbytte og andre inntekter",3605,Arbeids- og velferdsetaten,5,Oppdragsinntekter mv.,0.0231,0.0223
inntekt,"Renter, utbytte og andre inntekter","Renter, utbytte og andre inntekter",3640,Arbeidstilsynet,4,"Kjemikaliekontroll, gebyrer",0.006,0.0058
inntekt,"Renter, utbytte og andre inntekter","Renter, utbytte og andre inntekter",3640,Arbeidstilsynet,6,Refusjoner,0.0042,0.004
inntekt,"Renter, utbytte og andre inntekter","Renter, utbytte og andre inntekter",3640,Arbeidstilsynet,7,"Byggesaksbehandling, gebyrer",0.0276,0.0266
inntekt,"Renter, utbytte og andre inntekter","Renter, utbytte og andre inntekter",3640,Arbeidstilsynet,8,Refusjon av utgifter til regionale verneombud,0.0209,0.0201
inntekt,"Renter, utbytte og andre inntekter","Renter, utbytte og andre inntekter",3640,Arbeidstilsynet,85,Tvangsmulkt,0.0072,0.0072
inntekt,"Renter, utbytte og andre inntekter","Renter, utbytte og andre inntekter",3640,Arbeidstilsynet,86,Overtredelsesgebyrer,0.06,0.0294
inntekt,"Renter, utbytte og andre inntekter","Renter, utbytte og andre inntekter",3671,Bosetting av flyktninger og tiltak for innvandrere,4,"Tilskudd til integreringsprosjekter i asylmottak i regi av frivillige organisasjoner, ODA-godkjente utgifter",0.0143,0.0137
inntekt,"Renter, utbytte og andre inntekter","Renter, utbytte og andre inntekter",3672,Opplæring i norsk og samfunnskunnskap for voksne innvandrere,1,"Norskopplæring i mottak, ODA-godkjente utgifter",0.0508,0.0624
inntekt,"Renter, utbytte og andre inntekter","Renter, utbytte og andre inntekter",3700,Helse- og omsorgsdepartementet,3,Refusjon av ODA-godkjente utgifter fra Utenriksdepartementet,0.222,0.2157
inntekt,"Renter, utbytte og andre inntekter","Renter, utbytte og andre inntekter",3704,Norsk helsearkiv,2,Diverse inntekter,0.0026,0.0031
inntekt,"Renter, utbytte og andre inntekter","Renter, utbytte og andre inntekter",3710,Vaksiner mv.,3,Vaksinesalg,0.164,0.2887
inntekt,"Renter, utbytte og andre inntekter","Renter, utbytte og andre inntekter",3714,Folkehelse,4,Gebyrinntekter,0.0262,0.0253
inntekt,"Renter, utbytte og andre inntekter","Renter, utbytte og andre inntekter",3732,Regionale helseforetak,80,Renter på investeringslån,2.14,2.11
inntekt,"Renter, utbytte og andre inntekter","Renter, utbytte og andre inntekter",3732,Regionale helseforetak,85,Avdrag på investeringslån f.o.m. 2008,2.119,1.992
inntekt,"Renter, utbytte og andre inntekter","Renter, utbytte og andre inntekter",3732,Regionale helseforetak,86,Driftskreditter,9.358,
inntekt,"Renter, utbytte og andre inntekter","Renter, utbytte og andre inntekter",3732,Regionale helseforetak,87,Avdrag på tilskudd til Helseplattformen,0.003,0.003
inntekt,"Renter, utbytte og andre inntekter","Renter, utbytte og andre inntekter",3740,Helsedirektoratet,2,Diverse inntekter,0.0422,0.0364
inntekt,"Renter, utbytte og andre inntekter","Renter, utbytte og andre inntekter",3740,Helsedirektoratet,4,Gebyrinntekter,0.0333,0.0321
inntekt,"Renter, utbytte og andre inntekter","Renter, utbytte og andre inntekter",3740,Helsedirektoratet,5,Helsetjenester til utenlandsboende mv.,0.175,0.1
inntekt,"Renter, utbytte og andre inntekter","Renter, utbytte og andre inntekter",3741,Norsk pasientskadeerstatning,2,Diverse inntekter,0.0085,0.0082
inntekt,"Renter, utbytte og andre inntekter","Renter, utbytte og andre inntekter",3741,Norsk pasientskadeerstatning,50,Premie fra private,0.026,0.026
inntekt,"Renter, utbytte og andre inntekter","Renter, utbytte og andre inntekter",3742,Nasjonalt klageorgan for helsetjenesten,50,Premie fra private,0.0059,0.0059
inntekt,"Renter, utbytte og andre inntekter","Renter, utbytte og andre inntekter",3745,Folkehelseinstituttet,2,Diverse inntekter,0.3271,0.2903
inntekt,"Renter, utbytte og andre inntekter","Renter, utbytte og andre inntekter",3746,Direktoratet for medisinske produkter,2,Diverse inntekter,0.0927,0.0385
inntekt,"Renter, utbytte og andre inntekter","Renter, utbytte og andre inntekter",3746,Direktoratet for medisinske produkter,4,Registreringsgebyr,0.0934,0.0861
inntekt,"Renter, utbytte og andre inntekter","Renter, utbytte og andre inntekter",3746,Direktoratet for medisinske produkter,85,Overtredelsesgebyr og tvangsmulkt,0.0028,0.0028
inntekt,"Renter, utbytte og andre inntekter","Renter, utbytte og andre inntekter",3747,Direktoratet for strålevern og atomsikkerhet,2,Diverse inntekter,0.0161,0.0156
inntekt,"Renter, utbytte og andre inntekter","Renter, utbytte og andre inntekter",3747,Direktoratet for strålevern og atomsikkerhet,4,Gebyrinntekter,0.0507,0.0489
inntekt,"Renter, utbytte og andre inntekter","Renter, utbytte og andre inntekter",3748,Statens helsetilsyn,2,Diverse inntekter,0.001,0.0011
inntekt,"Renter, utbytte og andre inntekter","Renter, utbytte og andre inntekter",3841,Samliv og konfliktløsning,1,Gebyrinntekter for fastsettelse av bidrag,0.0293,0.0282
inntekt,"Renter, utbytte og andre inntekter","Renter, utbytte og andre inntekter",3842,Familievern,1,Diverse inntekter,0.001,0.0009
inntekt,"Renter, utbytte og andre inntekter","Renter, utbytte og andre inntekter",3847,EUs ungdomsprogram,1,Tilskudd fra Europakommisjonen,0.006,0.006
inntekt,"Renter, utbytte og andre inntekter","Renter, utbytte og andre inntekter",3853,Barneverns- og helsenemndene,1,Diverse inntekter,0.0007,0.0009
inntekt,"Renter, utbytte og andre inntekter","Renter, utbytte og andre inntekter",3855,Statlig forvaltning av barnevernet,1,Diverse inntekter,0.0039,0.0038
inntekt,"Renter, utbytte og andre inntekter","Renter, utbytte og andre inntekter",3855,Statlig forvaltning av barnevernet,2,Barnetrygd,0.004,0.004
inntekt,"Renter, utbytte og andre inntekter","Renter, utbytte og andre inntekter",3855,Statlig forvaltning av barnevernet,60,Kommunale egenandeler,3.3424,3.0809
inntekt,"Renter, utbytte og andre inntekter","Renter, utbytte og andre inntekter",3856,"Barnevernets omsorgssenter for enslige, mindreårige asylsøkere",4,Refusjon av ODA-godkjente utgifter,0.1812,0.2336
inntekt,"Renter, utbytte og andre inntekter","Renter, utbytte og andre inntekter",3856,"Barnevernets omsorgssenter for enslige, mindreårige asylsøkere",60,Kommunale egenandeler,0.0048,0.0029
inntekt,"Renter, utbytte og andre inntekter","Renter, utbytte og andre inntekter",3858,"Barne-, ungdoms- og familiedirektoratet",1,Diverse inntekter,0.0006,0.0006
inntekt,"Renter, utbytte og andre inntekter","Renter, utbytte og andre inntekter",3868,Forbrukertilsynet,1,Gebyrinntekter,0.0021,0.0021
inntekt,"Renter, utbytte og andre inntekter","Renter, utbytte og andre inntekter",3868,Forbrukertilsynet,2,Tilskudd,0.0031,0.003
inntekt,"Renter, utbytte og andre inntekter","Renter, utbytte og andre inntekter",3883,Kirkebevaringsfondet,50,Overført fra Kirkebevaringsfondet,0.024,
inntekt,"Renter, utbytte og andre inntekter","Renter, utbytte og andre inntekter",3900,Nærings- og fiskeridepartementet,1,Ymse inntekter og refusjoner knyttet til ordinære driftsutgifter,0.0002,0.0002
inntekt,"Renter, utbytte og andre inntekter","Renter, utbytte og andre inntekter",3900,Nærings- og fiskeridepartementet,3,Inntekter fra forvaltning av grunneiendom på Svalbard,0.0117,0.0113
inntekt,"Renter, utbytte og andre inntekter","Renter, utbytte og andre inntekter",3902,Justervesenet,1,Gebyrinntekter,0.0233,0.0234
inntekt,"Renter, utbytte og andre inntekter","Renter, utbytte og andre inntekter",3902,Justervesenet,3,Inntekter fra salg av tjenester,0.0391,0.0348
inntekt,"Renter, utbytte og andre inntekter","Renter, utbytte og andre inntekter",3903,Norsk akkreditering,1,Gebyrinntekter og andre inntekter,0.0677,0.0708
inntekt,"Renter, utbytte og andre inntekter","Renter, utbytte og andre inntekter",3904,Brønnøysundregistrene,1,Gebyrinntekter,0.7335,0.673
inntekt,"Renter, utbytte og andre inntekter","Renter, utbytte og andre inntekter",3904,Brønnøysundregistrene,2,"Refusjoner, oppdragsinntekter og andre inntekter",0.0354,0.0371
inntekt,"Renter, utbytte og andre inntekter","Renter, utbytte og andre inntekter",3905,Norges geologiske undersøkelse,3,Oppdragsinntekter og andre inntekter,0.0524,0.0842
inntekt,"Renter, utbytte og andre inntekter","Renter, utbytte og andre inntekter",3906,Direktoratet for mineralforvaltning med Bergmesteren for Svalbard,1,Leie av bergrettigheter og eiendommer,0.0001,0.0001
inntekt,"Renter, utbytte og andre inntekter","Renter, utbytte og andre inntekter",3906,Direktoratet for mineralforvaltning med Bergmesteren for Svalbard,2,Behandlingsgebyrer,0.0045,0.0016
inntekt,"Renter, utbytte og andre inntekter","Renter, utbytte og andre inntekter",3906,Direktoratet for mineralforvaltning med Bergmesteren for Svalbard,86,Overtredelsesgebyr og tvangsmulkt,0.0014,0.0012
inntekt,"Renter, utbytte og andre inntekter","Renter, utbytte og andre inntekter",3907,Norsk nukleær dekommisjonering,1,Inntekter fra mottak av radioaktivt avfall,0.007,
inntekt,"Renter, utbytte og andre inntekter","Renter, utbytte og andre inntekter",3907,Norsk nukleær dekommisjonering,2,Diverse inntekter,0.0003,0.0001
inntekt,"Renter, utbytte og andre inntekter","Renter, utbytte og andre inntekter",3907,Norsk nukleær dekommisjonering,3,Leieinntekter for tomt i Halden,0.0248,
inntekt,"Renter, utbytte og andre inntekter","Renter, utbytte og andre inntekter",3909,Tiltak for sysselsetting av sjøfolk,1,Tilbakeføring av tilskudd,0.003,0.003
inntekt,"Renter, utbytte og andre inntekter","Renter, utbytte og andre inntekter",3910,Sjøfartsdirektoratet,1,Gebyrer for skip og flyttbare innretninger i NOR,0.2693,0.2701
inntekt,"Renter, utbytte og andre inntekter","Renter, utbytte og andre inntekter",3910,Sjøfartsdirektoratet,2,Maritime personellsertifikater,0.0361,0.0319
inntekt,"Renter, utbytte og andre inntekter","Renter, utbytte og andre inntekter",3910,Sjøfartsdirektoratet,3,Diverse inntekter,0.0006,0.0006
inntekt,"Renter, utbytte og andre inntekter","Renter, utbytte og andre inntekter",3910,Sjøfartsdirektoratet,4,Gebyrer for skip i NIS,0.0809,0.0746
inntekt,"Renter, utbytte og andre inntekter","Renter, utbytte og andre inntekter",3910,Sjøfartsdirektoratet,5,Kystradiotjenesten,0.0174,0.0168
inntekt,"Renter, utbytte og andre inntekter","Renter, utbytte og andre inntekter",3910,Sjøfartsdirektoratet,86,Overtredelsesgebyr og tvangsmulkt,0.006,0.0048
inntekt,"Renter, utbytte og andre inntekter","Renter, utbytte og andre inntekter",3911,Konkurransetilsynet,3,Refusjoner og andre inntekter,0.0002,0.0002
inntekt,"Renter, utbytte og andre inntekter","Renter, utbytte og andre inntekter",3911,Konkurransetilsynet,86,Lovbruddsgebyr,0.0001,0.0001
inntekt,"Renter, utbytte og andre inntekter","Renter, utbytte og andre inntekter",3912,Klagenemndssekretariatet,1,Klagegebyr,0.0008,0.0007
inntekt,"Renter, utbytte og andre inntekter","Renter, utbytte og andre inntekter",3912,Klagenemndssekretariatet,2,Refusjoner og andre inntekter,0.0002,0.0002
inntekt,"Renter, utbytte og andre inntekter","Renter, utbytte og andre inntekter",3912,Klagenemndssekretariatet,87,Overtredelsesgebyr,0.0001,0.0001
inntekt,"Renter, utbytte og andre inntekter","Renter, utbytte og andre inntekter",3916,Kystverket,2,Andre inntekter,0.0112,0.0108
inntekt,"Renter, utbytte og andre inntekter","Renter, utbytte og andre inntekter",3917,Fiskeridirektoratet,1,Diverse inntekter,0.0014,0.0013
inntekt,"Renter, utbytte og andre inntekter","Renter, utbytte og andre inntekter",3917,Fiskeridirektoratet,5,Saksbehandlingsgebyr,0.0358,0.0289
inntekt,"Renter, utbytte og andre inntekter","Renter, utbytte og andre inntekter",3917,Fiskeridirektoratet,86,Forvaltningssanksjoner,0.003,0.003
inntekt,"Renter, utbytte og andre inntekter","Renter, utbytte og andre inntekter",3923,Havforskningsinstituttet,1,Oppdragsinntekter,0.5144,0.496
inntekt,"Renter, utbytte og andre inntekter","Renter, utbytte og andre inntekter",3923,Havforskningsinstituttet,2,Oppdragsinntekter forskningsfartøy,0.333,0.3211
inntekt,"Renter, utbytte og andre inntekter","Renter, utbytte og andre inntekter",3935,Patentstyret,1,Inntekter av informasjonstjenester,0.0037,0.0044
inntekt,"Renter, utbytte og andre inntekter","Renter, utbytte og andre inntekter",3935,Patentstyret,2,Inntekter knyttet til NPI,0.0063,0.0076
inntekt,"Renter, utbytte og andre inntekter","Renter, utbytte og andre inntekter",3935,Patentstyret,3,Gebyrer immaterielle rettigheter,0.147,0.1395
inntekt,"Renter, utbytte og andre inntekter","Renter, utbytte og andre inntekter",3936,Klagenemnda for industrielle rettigheter,1,Gebyrer,0.0005,0.0005
inntekt,"Renter, utbytte og andre inntekter","Renter, utbytte og andre inntekter",4100,Landbruks- og matdepartementet,1,Refusjoner m.m.,0.0,0.0002
inntekt,"Renter, utbytte og andre inntekter","Renter, utbytte og andre inntekter",4115,Mattilsynet,1,Gebyr m.m.,0.2388,0.2319
inntekt,"Renter, utbytte og andre inntekter","Renter, utbytte og andre inntekter",4115,Mattilsynet,2,Driftsinntekter og refusjoner m.m.,0.007,0.0068
inntekt,"Renter, utbytte og andre inntekter","Renter, utbytte og andre inntekter",4115,Mattilsynet,85,"Gebyr og tvangsmulkt, m.m.",0.007,0.007
inntekt,"Renter, utbytte og andre inntekter","Renter, utbytte og andre inntekter",4141,"Høstbare viltressurser - jegerprøve, tilskudd til organisasjoner m.m.",1,"Jegerprøve, gebyr m.m.",0.0051,0.0049
inntekt,"Renter, utbytte og andre inntekter","Renter, utbytte og andre inntekter",4142,Landbruksdirektoratet,1,"Driftsinntekter, refusjoner m.m.",0.0574,0.0554
inntekt,"Renter, utbytte og andre inntekter","Renter, utbytte og andre inntekter",4150,Til gjennomføring av jordbruksavtalen m.m.,85,Markedsordningen for korn,0.0011,0.0011
inntekt,"Renter, utbytte og andre inntekter","Renter, utbytte og andre inntekter",4300,Samferdselsdepartementet,1,Refusjon fra Utenriksdepartementet,0.0009,0.0009
inntekt,"Renter, utbytte og andre inntekter","Renter, utbytte og andre inntekter",4313,Luftfartstilsynet,1,Gebyrinntekter,0.1857,0.1753
inntekt,"Renter, utbytte og andre inntekter","Renter, utbytte og andre inntekter",4320,Statens vegvesen,1,Salgsinntekter m.m.,0.1791,0.1727
inntekt,"Renter, utbytte og andre inntekter","Renter, utbytte og andre inntekter",4320,Statens vegvesen,2,Diverse gebyrer,0.6343,0.6117
inntekt,"Renter, utbytte og andre inntekter","Renter, utbytte og andre inntekter",4320,Statens vegvesen,3,Refusjoner fra forsikringsselskaper,0.1264,0.1412
inntekt,"Renter, utbytte og andre inntekter","Renter, utbytte og andre inntekter",4320,Statens vegvesen,4,Billettinntekter fra riksveiferjedriften,0.9056,0.8135
inntekt,"Renter, utbytte og andre inntekter","Renter, utbytte og andre inntekter",4330,Særskilte transporttiltak,1,Gebyrer,0.0237,0.0229
inntekt,"Renter, utbytte og andre inntekter","Renter, utbytte og andre inntekter",4352,Jernbanedirektoratet,1,Diverse inntekter,0.0065,0.0063
inntekt,"Renter, utbytte og andre inntekter","Renter, utbytte og andre inntekter",4354,Statens jernbanetilsyn,1,Gebyrer,0.0174,0.0168
inntekt,"Renter, utbytte og andre inntekter","Renter, utbytte og andre inntekter",4358,Norske tog AS,85,Gebyrer,0.006,0.0099
inntekt,"Renter, utbytte og andre inntekter","Renter, utbytte og andre inntekter",4400,Klima- og miljødepartementet,3,Refusjon fra Utenriksdepartementet,0.0339,0.0365
inntekt,"Renter, utbytte og andre inntekter","Renter, utbytte og andre inntekter",4420,Miljødirektoratet,1,Oppdrag og andre diverse inntekter,0.0075,0.0072
inntekt,"Renter, utbytte og andre inntekter","Renter, utbytte og andre inntekter",4420,Miljødirektoratet,4,"Gebyrer, forurensningsområdet hos Miljødirektoratet",0.1138,0.1076
inntekt,"Renter, utbytte og andre inntekter","Renter, utbytte og andre inntekter",4420,Miljødirektoratet,6,"Gebyrer, forurensningsområdet hos statsforvalterembetene",0.0779,0.0669
inntekt,"Renter, utbytte og andre inntekter","Renter, utbytte og andre inntekter",4420,Miljødirektoratet,7,"Gebyrer, kvotesystemet",0.021,0.0493
inntekt,"Renter, utbytte og andre inntekter","Renter, utbytte og andre inntekter",4420,Miljødirektoratet,9,Internasjonale oppdrag,0.0411,0.0334
inntekt,"Renter, utbytte og andre inntekter","Renter, utbytte og andre inntekter",4420,Miljødirektoratet,40,Salg av eiendom og innløsning av festetomter i statlig sikrede friluftslivsområder,0.0005,
inntekt,"Renter, utbytte og andre inntekter","Renter, utbytte og andre inntekter",4420,Miljødirektoratet,50,Overføringer fra andre statlige regnskaper,0.0005,
inntekt,"Renter, utbytte og andre inntekter","Renter, utbytte og andre inntekter",4420,Miljødirektoratet,85,Overføringer fra andre,0.005,0.0065
inntekt,"Renter, utbytte og andre inntekter","Renter, utbytte og andre inntekter",4423,Radioaktiv forurensning i det ytre miljø,1,"Gebyrer, radioaktiv forurensning",0.0013,0.0012
inntekt,"Renter, utbytte og andre inntekter","Renter, utbytte og andre inntekter",4424,Statens villreinfond,50,Overføring fra Statens villreinfond,0.025,
inntekt,"Renter, utbytte og andre inntekter","Renter, utbytte og andre inntekter",4429,Riksantikvaren,2,Refusjoner og diverse inntekter,0.0008,0.0008
inntekt,"Renter, utbytte og andre inntekter","Renter, utbytte og andre inntekter",4429,Riksantikvaren,9,Internasjonale oppdrag,0.0047,0.0045
inntekt,"Renter, utbytte og andre inntekter","Renter, utbytte og andre inntekter",4471,Norsk Polarinstitutt,1,Diverse inntekter,0.0119,0.0115
inntekt,"Renter, utbytte og andre inntekter","Renter, utbytte og andre inntekter",4471,Norsk Polarinstitutt,21,"Inntekter, Antarktis",0.0415,0.03
inntekt,"Renter, utbytte og andre inntekter","Renter, utbytte og andre inntekter",4471,Norsk Polarinstitutt,22,Inntekter fra forskningsinfrastruktur,0.0047,0.0045
inntekt,"Renter, utbytte og andre inntekter","Renter, utbytte og andre inntekter",4471,Norsk Polarinstitutt,23,Eksterne forskningsprosjekter,0.1348,0.113
inntekt,"Renter, utbytte og andre inntekter","Renter, utbytte og andre inntekter",4481,Salg av klimakvoter,1,Salgsinntekter,2.7521,1.6179
inntekt,"Renter, utbytte og andre inntekter","Renter, utbytte og andre inntekter",4510,Departementenes sikkerhets- og serviceorganisasjon,2,Diverse inntekter,0.0487,0.047
inntekt,"Renter, utbytte og andre inntekter","Renter, utbytte og andre inntekter",4510,Departementenes sikkerhets- og serviceorganisasjon,3,Brukerbetalinger,0.0363,0.0431
inntekt,"Renter, utbytte og andre inntekter","Renter, utbytte og andre inntekter",4515,Departementenes digitaliseringsorganisasjon,1,Diverse inntekter,0.0079,0.0006
inntekt,"Renter, utbytte og andre inntekter","Renter, utbytte og andre inntekter",4515,Departementenes digitaliseringsorganisasjon,2,Brukerbetalinger,0.0641,0.0358
inntekt,"Renter, utbytte og andre inntekter","Renter, utbytte og andre inntekter",4520,Statsforvalterne,1,Inntekter ved oppdrag,0.0993,0.0958
inntekt,"Renter, utbytte og andre inntekter","Renter, utbytte og andre inntekter",4533,Eiendommer utenfor husleieordningen,2,Diverse inntekter,0.0084,0.0058
inntekt,"Renter, utbytte og andre inntekter","Renter, utbytte og andre inntekter",4540,Digitaliseringsdirektoratet,3,Diverse inntekter,0.0002,0.0025
inntekt,"Renter, utbytte og andre inntekter","Renter, utbytte og andre inntekter",4540,Digitaliseringsdirektoratet,5,Tredjepartsinntekter nasjonale fellesløsninger,0.21,0.224
inntekt,"Renter, utbytte og andre inntekter","Renter, utbytte og andre inntekter",4540,Digitaliseringsdirektoratet,7,Brukerutløste inntekter Altinn,0.1265,0.166
inntekt,"Renter, utbytte og andre inntekter","Renter, utbytte og andre inntekter",4542,Internasjonalt samarbeid,1,Refusjon fra Utenriksdepartementet,0.0034,0.0035
inntekt,"Renter, utbytte og andre inntekter","Renter, utbytte og andre inntekter",4543,Nasjonal kommunikasjonsmyndighet,1,Diverse gebyrer,0.0004,0.0003
inntekt,"Renter, utbytte og andre inntekter","Renter, utbytte og andre inntekter",4543,Nasjonal kommunikasjonsmyndighet,70,Inntekter fra gjennomførte frekvensauksjoner,0.0996,0.5836
inntekt,"Renter, utbytte og andre inntekter","Renter, utbytte og andre inntekter",4565,Boliglånsordningen i Statens pensjonskasse,1,"Gebyrinntekter, lån",0.051,0.045
inntekt,"Renter, utbytte og andre inntekter","Renter, utbytte og andre inntekter",4566,Yrkesskadeforsikring,1,Premieinntekter,0.102,0.097
inntekt,"Renter, utbytte og andre inntekter","Renter, utbytte og andre inntekter",4567,Gruppelivsforsikring,1,Premieinntekter,0.141,0.149
inntekt,"Renter, utbytte og andre inntekter","Renter, utbytte og andre inntekter",4600,Finansdepartementet,2,Diverse refusjoner,0.0,0.0
inntekt,"Renter, utbytte og andre inntekter","Renter, utbytte og andre inntekter",4602,Finanstilsynet,3,Saksbehandlingsgebyr,0.0202,0.0225
inntekt,"Renter, utbytte og andre inntekter","Renter, utbytte og andre inntekter",4602,Finanstilsynet,86,Vinningsavståelse og overtredelsesgebyr mv.,0.0005,0.0005
inntekt,"Renter, utbytte og andre inntekter","Renter, utbytte og andre inntekter",4605,Direktoratet for forvaltning og økonomistyring,1,Økonomitjenester og andre driftsinntekter,0.3424,0.2897
inntekt,"Renter, utbytte og andre inntekter","Renter, utbytte og andre inntekter",4605,Direktoratet for forvaltning og økonomistyring,2,OK Stat,0.0216,0.0208
inntekt,"Renter, utbytte og andre inntekter","Renter, utbytte og andre inntekter",4610,Tolletaten,1,Særskilt vederlag for tolltjenester,0.011,0.0072
inntekt,"Renter, utbytte og andre inntekter","Renter, utbytte og andre inntekter",4610,Tolletaten,2,Andre inntekter,0.0036,0.0035
inntekt,"Renter, utbytte og andre inntekter","Renter, utbytte og andre inntekter",4610,Tolletaten,4,Diverse refusjoner,0.0008,0.0008
inntekt,"Renter, utbytte og andre inntekter","Renter, utbytte og andre inntekter",4610,Tolletaten,5,Refusjon fra Avinor AS,0.0335,0.0323
inntekt,"Renter, utbytte og andre inntekter","Renter, utbytte og andre inntekter",4610,Tolletaten,85,Tvangsmulkt og overtredelsesgebyr,0.013,0.013
inntekt,"Renter, utbytte og andre inntekter","Renter, utbytte og andre inntekter",4618,Skatteetaten,1,Refunderte utleggs- og tinglysingsgebyr,0.027,0.0235
inntekt,"Renter, utbytte og andre inntekter","Renter, utbytte og andre inntekter",4618,Skatteetaten,3,Andre inntekter,0.0076,0.0073
inntekt,"Renter, utbytte og andre inntekter","Renter, utbytte og andre inntekter",4618,Skatteetaten,5,Gebyr for utleggsforretninger,0.13,0.055
inntekt,"Renter, utbytte og andre inntekter","Renter, utbytte og andre inntekter",4618,Skatteetaten,7,Gebyr for bindende forhåndsuttalelser,0.0055,0.005
inntekt,"Renter, utbytte og andre inntekter","Renter, utbytte og andre inntekter",4618,Skatteetaten,11,Gebyr på kredittdeklarasjoner,0.0021,0.0021
inntekt,"Renter, utbytte og andre inntekter","Renter, utbytte og andre inntekter",4618,Skatteetaten,85,Inngått på tapsførte lån mv.,0.24,0.25
inntekt,"Renter, utbytte og andre inntekter","Renter, utbytte og andre inntekter",4618,Skatteetaten,86,"Bøter, inndragninger mv.",2.038,2.038
inntekt,"Renter, utbytte og andre inntekter","Renter, utbytte og andre inntekter",4618,Skatteetaten,87,Trafikantsanksjoner,0.07,0.07
inntekt,"Renter, utbytte og andre inntekter","Renter, utbytte og andre inntekter",4618,Skatteetaten,88,"Forsinkelsesgebyr, Regnskapsregisteret",0.39,0.3
inntekt,"Renter, utbytte og andre inntekter","Renter, utbytte og andre inntekter",4618,Skatteetaten,89,Overtredelsesgebyr og tvangsmulkt,0.026,0.015
inntekt,"Renter, utbytte og andre inntekter","Renter, utbytte og andre inntekter",4620,Statistisk sentralbyrå,2,Oppdragsinntekter,0.2478,0.2558
inntekt,"Renter, utbytte og andre inntekter","Renter, utbytte og andre inntekter",4620,Statistisk sentralbyrå,85,Tvangsmulkt,0.01,0.01
inntekt,"Renter, utbytte og andre inntekter","Renter, utbytte og andre inntekter",4700,Forsvarsdepartementet,1,Driftsinntekter,0.0156,0.0151
inntekt,"Renter, utbytte og andre inntekter","Renter, utbytte og andre inntekter",4710,Forsvarsbygg og nybygg og nyanlegg,1,Driftsinntekter,6.2501,7.4618
inntekt,"Renter, utbytte og andre inntekter","Renter, utbytte og andre inntekter",4710,Forsvarsbygg og nybygg og nyanlegg,47,Salg av eiendom,0.0106,0.0102
inntekt,"Renter, utbytte og andre inntekter","Renter, utbytte og andre inntekter",4720,Forsvaret,1,Driftsinntekter,0.988,0.7243
inntekt,"Renter, utbytte og andre inntekter","Renter, utbytte og andre inntekter",4730,Forsvarshistorisk museum,1,Driftsinntekter,0.0206,0.0144
inntekt,"Renter, utbytte og andre inntekter","Renter, utbytte og andre inntekter",4730,Forsvarshistorisk museum,2,"Gaver og donasjoner, inntekter",0.01,
inntekt,"Renter, utbytte og andre inntekter","Renter, utbytte og andre inntekter",4740,Statens graderte plattformtjenester,1,Driftsinntekter,0.2898,0.2509
inntekt,"Renter, utbytte og andre inntekter","Renter, utbytte og andre inntekter",4750,Militær støtte til Ukraina,1,Driftsinntekter,0.05,
inntekt,"Renter, utbytte og andre inntekter","Renter, utbytte og andre inntekter",4760,Forsvarsmateriell og større anskaffelser og vedlikehold,1,Driftsinntekter,0.0315,0.0376
inntekt,"Renter, utbytte og andre inntekter","Renter, utbytte og andre inntekter",4760,Forsvarsmateriell og større anskaffelser og vedlikehold,45,"Større utstyrsanskaffelser og vedlikehold, inntekter",0.35,1.0248
inntekt,"Renter, utbytte og andre inntekter","Renter, utbytte og andre inntekter",4760,Forsvarsmateriell og større anskaffelser og vedlikehold,48,"Fellesfinansierte investeringer, inntekter",1.95,0.65
inntekt,"Renter, utbytte og andre inntekter","Renter, utbytte og andre inntekter",4791,Redningshelikoptertjenesten,1,Driftsinntekter,0.7026,0.4824
inntekt,"Renter, utbytte og andre inntekter","Renter, utbytte og andre inntekter",4799,Militære bøter,86,Militære bøter,0.0005,0.0005
inntekt,"Renter, utbytte og andre inntekter","Renter, utbytte og andre inntekter",4800,Energidepartementet,70,"Garantiprovisjon, Gassco",0.0022,0.0022
inntekt,"Renter, utbytte og andre inntekter","Renter, utbytte og andre inntekter",4810,Sokkeldirektoratet,1,Gebyrinntekter,0.023,0.033
inntekt,"Renter, utbytte og andre inntekter","Renter, utbytte og andre inntekter",4810,Sokkeldirektoratet,2,Oppdrags- og samarbeidsinntekter,0.0425,0.05
inntekt,"Renter, utbytte og andre inntekter","Renter, utbytte og andre inntekter",4820,Norges vassdrags- og energidirektorat,1,Gebyrinntekter,0.011,0.0103
inntekt,"Renter, utbytte og andre inntekter","Renter, utbytte og andre inntekter",4820,Norges vassdrags- og energidirektorat,2,Oppdrags- og samarbeidsinntekter,0.06,0.06
inntekt,"Renter, utbytte og andre inntekter","Renter, utbytte og andre inntekter",4820,Norges vassdrags- og energidirektorat,40,Flom- og skredforebygging,0.02,0.02
inntekt,"Renter, utbytte og andre inntekter","Renter, utbytte og andre inntekter",4860,Havindustritilsynet,1,Gebyrinntekter,0.096,0.0923
inntekt,"Renter, utbytte og andre inntekter","Renter, utbytte og andre inntekter",4860,Havindustritilsynet,2,Oppdrags- og samarbeidsinntekter,0.004,0.004
inntekt,"Renter, utbytte og andre inntekter","Renter, utbytte og andre inntekter",5309,Tilfeldige inntekter,29,Ymse,1.6,0.4
inntekt,"Renter, utbytte og andre inntekter","Renter, utbytte og andre inntekter",5310,Statens lånekasse for utdanning,29,Termingebyrer,0.0017,0.0017
inntekt,"Renter, utbytte og andre inntekter","Renter, utbytte og andre inntekter",5310,Statens lånekasse for utdanning,89,Purregebyrer,0.1236,0.1191
inntekt,"Renter, utbytte og andre inntekter","Renter, utbytte og andre inntekter",5312,Husbanken - Bolig- og bygningsdirektoratet,1,Gebyr utlån m.m.,0.0052,0.0055
inntekt,"Renter, utbytte og andre inntekter","Renter, utbytte og andre inntekter",5312,Husbanken - Bolig- og bygningsdirektoratet,2,Gebyr husleietvister,0.0056,0.0059
inntekt,"Renter, utbytte og andre inntekter","Renter, utbytte og andre inntekter",5312,Husbanken - Bolig- og bygningsdirektoratet,3,Gebyr sentral godkjenning,0.0408,
inntekt,"Renter, utbytte og andre inntekter","Renter, utbytte og andre inntekter",5312,Husbanken - Bolig- og bygningsdirektoratet,11,Diverse inntekter,0.0727,0.0704
inntekt,"Renter, utbytte og andre inntekter","Renter, utbytte og andre inntekter",5325,Innovasjon Norge,70,Låneprovisjoner,0.07,0.077
inntekt,"Renter, utbytte og andre inntekter","Renter, utbytte og andre inntekter",5326,Siva SF,70,Låne- og garantiprovisjoner,0.007,0.007
inntekt,"Renter, utbytte og andre inntekter","Renter, utbytte og andre inntekter",5329,Eksportkredittordningen,70,Gebyrer m.m.,0.025,0.03
inntekt,"Renter, utbytte og andre inntekter","Renter, utbytte og andre inntekter",5351,Overføring fra Norges Bank,85,Overføring,13.4,20.1
inntekt,"Renter, utbytte og andre inntekter","Renter, utbytte og andre inntekter",5460,Eksportfinansiering Norge,71,Tilbakeføring fra avviklede garantiordninger,0.0016,0.0017
inntekt,"Renter, utbytte og andre inntekter","Renter, utbytte og andre inntekter",5460,Eksportfinansiering Norge,85,Inntekter fra avviklede midlertidige ordninger,0.004,0.0101
inntekt,"Renter, utbytte og andre inntekter","Renter, utbytte og andre inntekter",5470,Statens pensjonskasse,30,Avsetning til investeringsformål,0.08,0.09
inntekt,"Renter, utbytte og andre inntekter","Renter, utbytte og andre inntekter",5491,Avskrivning på statens kapital i statens forvaltningsbedrifter,30,Avskrivninger,2.69,2.396
inntekt,Skatt på inntekt og formue,Skatt på inntekt og formue,5501,Skatter på formue og inntekt,70,Trinnskatt og formuesskatt mv.,153.341,157.737
inntekt,Skatt på inntekt og formue,Skatt på inntekt og formue,5501,Skatter på formue og inntekt,72,Fellesskatt mv. fra personlige skattytere,169.3619,206.4528
inntekt,Skatt på inntekt og formue,Skatt på inntekt og formue,5501,Skatter på formue og inntekt,74,Selskapsskatter mv. fra upersonlige skattytere utenom petroleum,152.4,129.45
inntekt,Skatt på inntekt og formue,Skatt på inntekt og formue,5501,Skatter på formue og inntekt,76,Kildeskatt på utbytte,11.5,14.1
inntekt,Skatt på inntekt og formue,Skatt på inntekt og formue,5501,Skatter på formue og inntekt,77,Kildeskatt på rentebetalinger,0.02,0.02
inntekt,Skatt på inntekt og formue,Skatt på inntekt og formue,5501,Skatter på formue og inntekt,78,Kildeskatt på royaltybetalinger,0.0005,0.0005
inntekt,Skatt på inntekt og formue,Skatt på inntekt og formue,5501,Skatter på formue og inntekt,79,Kildeskatt på leiebetalinger for visse fysiske eiendeler,0.015,0.02
inntekt,Andre skatter og avgifter,Andre skatter og avgifter,5502,Finansskatt,70,Skatt på lønn,3.2,3.1
inntekt,Andre skatter og avgifter,Andre skatter og avgifter,5502,Finansskatt,71,Skatt på overskudd,3.4,3.9
inntekt,Andre skatter og avgifter,Andre skatter og avgifter,5511,Tollavgiftsinntekter,70,Tollavgift,3.175,3.3
inntekt,Andre skatter og avgifter,Andre skatter og avgifter,5511,Tollavgiftsinntekter,71,Auksjonsinntekter fra tollkvoter,0.32,0.3
inntekt,Merverdiavgift,Merverdiavgift,5521,Merverdiavgift,70,Merverdiavgift,444.63,420.97
inntekt,Andre skatter og avgifter,Andre skatter og avgifter,5526,Avgift på alkohol,70,Avgift på alkohol,16.9,16.3
inntekt,Andre skatter og avgifter,Andre skatter og avgifter,5531,Avgift på tobakksvarer mv.,70,Avgift på tobakksvarer mv.,7.9,7.7
inntekt,Andre skatter og avgifter,Andre skatter og avgifter,5536,Avgift på motorvogner mv.,71,Engangsavgift,7.65,7.18
inntekt,Andre skatter og avgifter,Andre skatter og avgifter,5536,Avgift på motorvogner mv.,72,Avgift på trafikkforsikring,9.675,9.29
inntekt,Andre skatter og avgifter,Andre skatter og avgifter,5536,Avgift på motorvogner mv.,73,Vektårsavgift,0.29,0.3
inntekt,Andre skatter og avgifter,Andre skatter og avgifter,5536,Avgift på motorvogner mv.,75,Omregistreringsavgift,1.99,1.9
inntekt,Andre skatter og avgifter,Andre skatter og avgifter,5538,Veibruksavgift på drivstoff,70,Veibruksavgift på bensin,2.47,3.0
inntekt,Andre skatter og avgifter,Andre skatter og avgifter,5538,Veibruksavgift på drivstoff,71,Veibruksavgift på autodiesel,3.8,6.57
inntekt,Andre skatter og avgifter,Andre skatter og avgifter,5538,Veibruksavgift på drivstoff,72,Veibruksavgift på naturgass og LPG,0.001,0.003
inntekt,Andre skatter og avgifter,Andre skatter og avgifter,5541,Avgift på elektrisk kraft,70,Avgift på elektrisk kraft,6.0,4.77
inntekt,Andre skatter og avgifter,Andre skatter og avgifter,5542,Avgift på mineralolje mv.,71,Avgift på smøreolje mv.,0.13,0.125
inntekt,Andre skatter og avgifter,Andre skatter og avgifter,5543,Miljøavgift på mineralske produkter mv.,70,CO2-avgift,21.126,19.538
inntekt,Andre skatter og avgifter,Andre skatter og avgifter,5543,Miljøavgift på mineralske produkter mv.,71,Svovelavgift,0.002,0.002
inntekt,Andre skatter og avgifter,Andre skatter og avgifter,5546,Avgift på avfallsforbrenning,70,Avgift på avfallsforbrenning,0.6,0.69
inntekt,Andre skatter og avgifter,Andre skatter og avgifter,5548,Miljøavgift på visse klimagasser,70,Avgift på hydrofluorkarboner (HFK) og perfluorkarboner (PFK),0.537,0.54
inntekt,Andre skatter og avgifter,Andre skatter og avgifter,5548,Miljøavgift på visse klimagasser,71,Avgift på SF6,0.179,0.17
inntekt,Andre skatter og avgifter,Andre skatter og avgifter,5549,Avgift på NOX,70,Avgift på NOX,0.05,0.045
inntekt,Andre skatter og avgifter,Andre skatter og avgifter,5550,Miljøavgift på plantevernmidler,70,Miljøavgift på plantevernmidler,0.065,0.065
inntekt,Andre skatter og avgifter,Andre skatter og avgifter,5551,Avgifter knyttet til mineralvirksomhet,70,Avgift på undersjøisk utnyttelse mv. av kalkstein,0.001,0.001
inntekt,Andre skatter og avgifter,Andre skatter og avgifter,5551,Avgifter knyttet til mineralvirksomhet,71,Vederlag knyttet til mineraler,0.024,0.0225
inntekt,Andre skatter og avgifter,Andre skatter og avgifter,5552,Avgift på oppdrettsfisk,70,Avgift på oppdrettsfisk,1.58,1.51
inntekt,Andre skatter og avgifter,Andre skatter og avgifter,5553,Avgift på viltlevende marine ressurser,70,Avgift på viltlevende marine ressurser,0.14,0.13
inntekt,Andre skatter og avgifter,Andre skatter og avgifter,5554,Avgift på vindkraft,70,Avgift på vindkraft,0.395,0.385
inntekt,Andre skatter og avgifter,Andre skatter og avgifter,5557,Avgift på sukker mv.,70,Avgift på sukker mv.,0.211,0.22
inntekt,Andre skatter og avgifter,Andre skatter og avgifter,5559,Avgift på drikkevareemballasje,70,Grunnavgift på engangsemballasje,3.3,3.1
inntekt,Andre skatter og avgifter,Andre skatter og avgifter,5559,Avgift på drikkevareemballasje,71,Miljøavgift på kartong,0.05,0.065
inntekt,Andre skatter og avgifter,Andre skatter og avgifter,5559,Avgift på drikkevareemballasje,72,Miljøavgift på plast,0.04,0.05
inntekt,Andre skatter og avgifter,Andre skatter og avgifter,5559,Avgift på drikkevareemballasje,73,Miljøavgift på metall,0.01,0.015
inntekt,Andre skatter og avgifter,Andre skatter og avgifter,5559,Avgift på drikkevareemballasje,74,Miljøavgift på glass,0.005,0.005
inntekt,Andre skatter og avgifter,Andre skatter og avgifter,5561,Flypassasjeravgift,70,Flypassasjeravgift,1.95,1.9
inntekt,Andre skatter og avgifter,Andre skatter og avgifter,5565,Dokumentavgift,70,Dokumentavgift,15.7,15.5
inntekt,Andre skatter og avgifter,Andre skatter og avgifter,5568,Sektoravgifter under Kultur- og likestillingsdepartementet,71,Årsavgift - stiftelser,0.0336,0.0319
inntekt,Andre skatter og avgifter,Andre skatter og avgifter,5568,Sektoravgifter under Kultur- og likestillingsdepartementet,73,Refusjon - Norsk Rikstoto og Norsk Tipping AS,0.0497,0.0479
inntekt,Andre skatter og avgifter,Andre skatter og avgifter,5568,Sektoravgifter under Kultur- og likestillingsdepartementet,75,Kinoavgift,0.029,0.0295
inntekt,Andre skatter og avgifter,Andre skatter og avgifter,5572,Sektoravgifter under Helse- og omsorgsdepartementet,70,Legemiddeldetaljistavgift,0.0968,0.076
inntekt,Andre skatter og avgifter,Andre skatter og avgifter,5572,Sektoravgifter under Helse- og omsorgsdepartementet,72,Avgift utsalgssteder utenom apotek,0.003,0.003
inntekt,Andre skatter og avgifter,Andre skatter og avgifter,5572,Sektoravgifter under Helse- og omsorgsdepartementet,73,Legemiddelleverandøravgift,0.3017,0.24
inntekt,Andre skatter og avgifter,Andre skatter og avgifter,5572,Sektoravgifter under Helse- og omsorgsdepartementet,74,Tilsynsavgift,0.0038,0.0038
inntekt,Andre skatter og avgifter,Andre skatter og avgifter,5572,Sektoravgifter under Helse- og omsorgsdepartementet,75,Sektoravgift tobakk,0.0292,0.019
inntekt,Andre skatter og avgifter,Andre skatter og avgifter,5574,Sektoravgifter under Nærings- og fiskeridepartementet,71,Avgifter immaterielle rettigheter,0.222,0.225
inntekt,Andre skatter og avgifter,Andre skatter og avgifter,5574,Sektoravgifter under Nærings- og fiskeridepartementet,72,Kontroll- og tilsynsavgift akvakultur,0.0331,0.0331
inntekt,Andre skatter og avgifter,Andre skatter og avgifter,5574,Sektoravgifter under Nærings- og fiskeridepartementet,73,Årsavgift Merkeregisteret,0.0039,0.0039
inntekt,Andre skatter og avgifter,Andre skatter og avgifter,5574,Sektoravgifter under Nærings- og fiskeridepartementet,74,Fiskeriforskningsavgift,0.4988,0.4164
inntekt,Andre skatter og avgifter,Andre skatter og avgifter,5574,Sektoravgifter under Nærings- og fiskeridepartementet,75,Tilsynsavgift Justervesenet,0.042,0.0357
inntekt,Andre skatter og avgifter,Andre skatter og avgifter,5574,Sektoravgifter under Nærings- og fiskeridepartementet,76,Kontrollavgift fiskeflåten,0.0658,0.0542
inntekt,Andre skatter og avgifter,Andre skatter og avgifter,5574,Sektoravgifter under Nærings- og fiskeridepartementet,77,Sektoravgifter Kystverket,1.3263,1.2751
inntekt,Andre skatter og avgifter,Andre skatter og avgifter,5576,Sektoravgifter under Landbruks- og matdepartementet,70,Forskningsavgift på landbruksprodukter,0.26,0.245
inntekt,Andre skatter og avgifter,Andre skatter og avgifter,5576,Sektoravgifter under Landbruks- og matdepartementet,72,Jeger- og fellingsavgifter,0.102,0.0975
inntekt,Andre skatter og avgifter,Andre skatter og avgifter,5578,Sektoravgifter under Klima- og miljødepartementet,70,Sektoravgifter under Svalbards miljøvernfond,0.0193,0.0193
inntekt,Andre skatter og avgifter,Andre skatter og avgifter,5578,Sektoravgifter under Klima- og miljødepartementet,72,Fiskeravgifter,0.0177,0.0171
inntekt,Andre skatter og avgifter,Andre skatter og avgifter,5579,Sektoravgifter under Digitaliserings- og forvaltningsdepartementet,70,Sektoravgifter Nasjonal kommunikasjonsmyndighet,0.3344,0.3124
inntekt,Andre skatter og avgifter,Andre skatter og avgifter,5580,Sektoravgifter under Finansdepartementet,70,"Finanstilsynet, bidrag fra tilsynsenhetene",0.6997,0.671
inntekt,Andre skatter og avgifter,Andre skatter og avgifter,5582,Sektoravgifter under Energidepartementet,70,Bidrag til kulturminnevern i regulerte vassdrag,0.023,0.024
inntekt,Andre skatter og avgifter,Andre skatter og avgifter,5582,Sektoravgifter under Energidepartementet,71,Konsesjonsavgifter fra vannkraftutbygging,0.207,0.2004
inntekt,Andre skatter og avgifter,Andre skatter og avgifter,5582,Sektoravgifter under Energidepartementet,72,Sektoravgifter under Norges vassdrags- og energidirektorat,0.189,0.167
inntekt,Andre skatter og avgifter,Andre skatter og avgifter,5582,Sektoravgifter under Energidepartementet,73,Påslag på nettariffen til Klima- og energifondet,0.71,0.69
inntekt,Andre skatter og avgifter,Andre skatter og avgifter,5582,Sektoravgifter under Energidepartementet,74,Sektoravgifter under Sokkeldirektoratet,0.098,0.09
inntekt,Andre skatter og avgifter,Andre skatter og avgifter,5582,Sektoravgifter under Energidepartementet,75,Sektoravgifter under Havindustritilsynet,0.1515,0.145
inntekt,Andre skatter og avgifter,Andre skatter og avgifter,5583,Særskilte avgifter mv. i bruk av frekvenser,70,Frekvens- og nummeravgift,0.438,0.43
inntekt,"Renter, utbytte og andre inntekter","Renter, utbytte og andre inntekter",5600,Overføring fra Statens pensjonsfond Norge,85,Overføring fra Statens pensjonsfond Norge,13.41,12.3
inntekt,"Renter, utbytte og andre inntekter","Renter, utbytte og andre inntekter",5603,Renter av statens kapital i statens forvaltningsbedrifter,80,Renter av statens faste kapital,2.963,2.745
inntekt,"Renter, utbytte og andre inntekter","Renter, utbytte og andre inntekter",5605,Renter av statskassens kontantbeholdning og andre fordringer,80,Av statskassens foliokonto i Norges Bank,7.8975,7.81
inntekt,"Renter, utbytte og andre inntekter","Renter, utbytte og andre inntekter",5605,Renter av statskassens kontantbeholdning og andre fordringer,81,Av verdipapirer og bankinnskudd i utenlandsk valuta,0.0002,0.0002
inntekt,"Renter, utbytte og andre inntekter","Renter, utbytte og andre inntekter",5605,Renter av statskassens kontantbeholdning og andre fordringer,82,Av innenlandske verdipapirer,2.0463,1.8499
inntekt,"Renter, utbytte og andre inntekter","Renter, utbytte og andre inntekter",5605,Renter av statskassens kontantbeholdning og andre fordringer,83,Av alminnelige fordringer,0.15,0.15
inntekt,"Renter, utbytte og andre inntekter","Renter, utbytte og andre inntekter",5605,Renter av statskassens kontantbeholdning og andre fordringer,84,Av driftskreditt til statsbedrifter,1.4843,1.8618
inntekt,"Renter, utbytte og andre inntekter","Renter, utbytte og andre inntekter",5607,Renter av boliglånsordningen i Statens pensjonskasse,80,Renter,3.576,3.663
inntekt,"Renter, utbytte og andre inntekter","Renter, utbytte og andre inntekter",5612,Renter fra Store Norske Spitsbergen Kulkompani AS,80,Renter,0.0479,0.0401
inntekt,"Renter, utbytte og andre inntekter","Renter, utbytte og andre inntekter",5613,Renter fra Siva SF,80,Renter,0.0111,0.0106
inntekt,"Renter, utbytte og andre inntekter","Renter, utbytte og andre inntekter",5615,Husbanken - Bolig- og bygningsdirektoratet,80,Renter,8.73,8.48
inntekt,"Renter, utbytte og andre inntekter","Renter, utbytte og andre inntekter",5616,Kommunalbanken AS,85,Aksjeutbytte,0.71,0.7
inntekt,"Renter, utbytte og andre inntekter","Renter, utbytte og andre inntekter",5617,Renter fra Statens lånekasse for utdanning,80,Renter,16.1861,15.1002
inntekt,"Renter, utbytte og andre inntekter","Renter, utbytte og andre inntekter",5625,Renter og utbytte fra Innovasjon Norge,80,Renter på lån fra statskassen,0.655,0.72
inntekt,"Renter, utbytte og andre inntekter","Renter, utbytte og andre inntekter",5625,Renter og utbytte fra Innovasjon Norge,81,"Rentemargin, innovasjonslåneordningen",0.01,0.026
inntekt,"Renter, utbytte og andre inntekter","Renter, utbytte og andre inntekter",5625,Renter og utbytte fra Innovasjon Norge,85,"Utbytte, lavrisikolåneordningen",0.045,0.075
inntekt,"Renter, utbytte og andre inntekter","Renter, utbytte og andre inntekter",5626,Renter av lån til Institutt for energiteknikk,80,Renter,0.0072,0.0055
inntekt,"Renter, utbytte og andre inntekter","Renter, utbytte og andre inntekter",5629,Renter fra eksportkredittordningen,80,Renter,1.0,1.14
inntekt,"Renter, utbytte og andre inntekter","Renter, utbytte og andre inntekter",5631,Aksjer i AS Vinmonopolet,85,Statens overskuddsandel,0.0897,
inntekt,"Renter, utbytte og andre inntekter","Renter, utbytte og andre inntekter",5631,Aksjer i AS Vinmonopolet,86,Utbytte,0.0,0.0
inntekt,"Renter, utbytte og andre inntekter","Renter, utbytte og andre inntekter",5635,Electronic Chart Centre AS,85,Utbytte,0.003,0.003
inntekt,"Renter, utbytte og andre inntekter","Renter, utbytte og andre inntekter",5641,Renter fra Norske tog AS,80,Renter,0.5651,0.2518
inntekt,"Renter, utbytte og andre inntekter","Renter, utbytte og andre inntekter",5645,Rygge 1 AS,85,Utbytte,0.015,0.015
inntekt,"Renter, utbytte og andre inntekter","Renter, utbytte og andre inntekter",5652,Statskog SF - renter og utbytte,80,Renter,0.0134,0.014
inntekt,"Renter, utbytte og andre inntekter","Renter, utbytte og andre inntekter",5652,Statskog SF - renter og utbytte,85,Utbytte,0.0088,0.01
inntekt,"Renter, utbytte og andre inntekter","Renter, utbytte og andre inntekter",5656,Aksjer under Nærings- og fiskeridepartementets forvaltning,85,Utbytte,32.6979,27.3046
inntekt,"Renter, utbytte og andre inntekter","Renter, utbytte og andre inntekter",5672,Bane NOR SF - utbytte,85,Utbytte,0.15,
inntekt,"Renter, utbytte og andre inntekter","Renter, utbytte og andre inntekter",5692,Utbytte av statens kapital i Den nordiske investeringsbank,85,Utbytte,0.198,0.19
inntekt,"Renter, utbytte og andre inntekter","Renter, utbytte og andre inntekter",5693,Utbytte av aksjer i diverse selskaper mv.,85,Utbytte fra Folketrygdfondet,0.0017,0.0017
inntekt,Trygde- og arbeidsgiveravgift,Trygde- og arbeidsgiveravgift,5700,Folketrygdens inntekter,71,Trygdeavgift,213.46,231.1894
inntekt,Trygde- og arbeidsgiveravgift,Trygde- og arbeidsgiveravgift,5700,Folketrygdens inntekter,72,Arbeidsgiveravgift,296.841,283.011
inntekt,"Renter, utbytte og andre inntekter","Renter, utbytte og andre inntekter",5701,Diverse inntekter,71,Refusjon ved yrkesskade,0.8098,0.7989
inntekt,"Renter, utbytte og andre inntekter","Renter, utbytte og andre inntekter",5701,Diverse inntekter,80,Renter,0.027,0.022
inntekt,"Renter, utbytte og andre inntekter","Renter, utbytte og andre inntekter",5701,Diverse inntekter,86,Innkreving av feilutbetalinger,1.4672,1.396
inntekt,"Renter, utbytte og andre inntekter","Renter, utbytte og andre inntekter",5701,Diverse inntekter,87,Diverse inntekter,0.0059,0.0057
inntekt,"Renter, utbytte og andre inntekter","Renter, utbytte og andre inntekter",5701,Diverse inntekter,88,Hjelpemiddelsentraler mv.,0.095,0.113
inntekt,"Renter, utbytte og andre inntekter","Renter, utbytte og andre inntekter",5704,Statsgaranti for lønnskrav ved konkurs,70,Dividende,0.24,0.32
inntekt,"Renter, utbytte og andre inntekter","Renter, utbytte og andre inntekter",5705,Refusjon av dagpenger,70,"Refusjon av dagpenger, statsgaranti ved konkurs",0.031,0.029
inntekt,"Renter, utbytte og andre inntekter","Renter, utbytte og andre inntekter",5705,Refusjon av dagpenger,71,Refusjon av dagpenger for grensearbeidere mv. bosatt i Norge,0.001,0.001
inntekt,"Renter, utbytte og andre inntekter","Renter, utbytte og andre inntekter",5705,Refusjon av dagpenger,72,Innkreving av forskutterte dagpenger,0.008,0.025
inntekt,"Renter, utbytte og andre inntekter","Renter, utbytte og andre inntekter",5706,Bidragsforskott,70,Refusjon fra bidragspliktige,0.193,0.192
inntekt,Overføring fra oljefondet,Overføring fra oljefondet,5800,Statens pensjonsfond utland,50,Overføring fra fondet,561.741,452.2204
